2019-10-17T00:00:00.000000000Z,30,108.674,108.676,108.66,108.669
2019-10-17T00:01:00.000000000Z,34,108.669,108.697,108.667,108.697
2019-10-17T00:02:00.000000000Z,30,108.698,108.701,108.684,108.684
2019-10-17T00:03:00.000000000Z,33,108.686,108.693,108.672,108.676
2019-10-17T00:04:00.000000000Z,21,108.679,108.684,108.669,108.684
2019-10-17T00:05:00.000000000Z,25,108.681,108.691,108.679,108.686
2019-10-17T00:06:00.000000000Z,11,108.684,108.691,108.684,108.688
2019-10-17T00:07:00.000000000Z,14,108.686,108.689,108.679,108.689
2019-10-17T00:08:00.000000000Z,8,108.687,108.688,108.684,108.688
2019-10-17T00:09:00.000000000Z,8,108.69,108.692,108.684,108.684
2019-10-17T00:10:00.000000000Z,15,108.686,108.694,108.686,108.694
2019-10-17T00:11:00.000000000Z,20,108.694,108.705,108.688,108.705
2019-10-17T00:12:00.000000000Z,17,108.702,108.702,108.695,108.698
2019-10-17T00:13:00.000000000Z,20,108.701,108.723,108.701,108.723
2019-10-17T00:14:00.000000000Z,7,108.724,108.725,108.72,108.725
2019-10-17T00:15:00.000000000Z,10,108.729,108.732,108.716,108.716
2019-10-17T00:16:00.000000000Z,13,108.718,108.723,108.716,108.723
2019-10-17T00:17:00.000000000Z,17,108.725,108.729,108.717,108.717
2019-10-17T00:18:00.000000000Z,10,108.714,108.714,108.702,108.705
2019-10-17T00:19:00.000000000Z,16,108.707,108.717,108.699,108.705
2019-10-17T00:20:00.000000000Z,17,108.707,108.72,108.707,108.713
2019-10-17T00:21:00.000000000Z,4,108.716,108.718,108.713,108.713
2019-10-17T00:22:00.000000000Z,5,108.717,108.723,108.716,108.723
2019-10-17T00:23:00.000000000Z,10,108.723,108.723,108.712,108.72
2019-10-17T00:24:00.000000000Z,9,108.723,108.727,108.717,108.723
2019-10-17T00:25:00.000000000Z,14,108.725,108.727,108.716,108.716
2019-10-17T00:26:00.000000000Z,10,108.714,108.721,108.711,108.721
2019-10-17T00:27:00.000000000Z,3,108.718,108.718,108.716,108.718
2019-10-17T00:28:00.000000000Z,2,108.721,108.721,108.719,108.719
2019-10-17T00:29:00.000000000Z,10,108.721,108.721,108.711,108.714
2019-10-17T00:30:00.000000000Z,27,108.717,108.731,108.717,108.727
2019-10-17T00:31:00.000000000Z,18,108.724,108.736,108.722,108.728
2019-10-17T00:32:00.000000000Z,14,108.725,108.725,108.715,108.722
2019-10-17T00:33:00.000000000Z,18,108.724,108.736,108.724,108.736
2019-10-17T00:34:00.000000000Z,9,108.734,108.738,108.732,108.735
2019-10-17T00:35:00.000000000Z,18,108.732,108.741,108.725,108.725
2019-10-17T00:36:00.000000000Z,18,108.727,108.727,108.711,108.711
2019-10-17T00:37:00.000000000Z,7,108.709,108.712,108.704,108.704
2019-10-17T00:38:00.000000000Z,8,108.701,108.712,108.701,108.71
2019-10-17T00:39:00.000000000Z,7,108.712,108.717,108.71,108.712
2019-10-17T00:40:00.000000000Z,9,108.71,108.71,108.703,108.703
2019-10-17T00:41:00.000000000Z,8,108.702,108.705,108.693,108.695
2019-10-17T00:42:00.000000000Z,3,108.693,108.698,108.693,108.698
2019-10-17T00:43:00.000000000Z,11,108.695,108.698,108.69,108.69
2019-10-17T00:44:00.000000000Z,85,108.687,108.687,108.638,108.665
2019-10-17T00:45:00.000000000Z,25,108.663,108.663,108.647,108.647
2019-10-17T00:46:00.000000000Z,24,108.65,108.673,108.647,108.67
2019-10-17T00:47:00.000000000Z,24,108.669,108.688,108.669,108.687
2019-10-17T00:48:00.000000000Z,15,108.683,108.688,108.677,108.679
2019-10-17T00:49:00.000000000Z,19,108.681,108.691,108.676,108.691
2019-10-17T00:50:00.000000000Z,24,108.693,108.707,108.689,108.707
2019-10-17T00:51:00.000000000Z,11,108.704,108.706,108.698,108.698
2019-10-17T00:52:00.000000000Z,46,108.7,108.742,108.7,108.733
2019-10-17T00:53:00.000000000Z,19,108.73,108.732,108.709,108.709
2019-10-17T00:54:00.000000000Z,26,108.711,108.711,108.691,108.699
2019-10-17T00:55:00.000000000Z,46,108.695,108.7,108.677,108.688
2019-10-17T00:56:00.000000000Z,21,108.691,108.691,108.678,108.681
2019-10-17T00:57:00.000000000Z,16,108.679,108.688,108.676,108.686
2019-10-17T00:58:00.000000000Z,10,108.689,108.697,108.689,108.691
2019-10-17T00:59:00.000000000Z,11,108.695,108.697,108.686,108.69
2019-10-17T01:00:00.000000000Z,12,108.691,108.701,108.691,108.699
2019-10-17T01:01:00.000000000Z,11,108.702,108.702,108.693,108.696
2019-10-17T01:02:00.000000000Z,13,108.694,108.699,108.69,108.695
2019-10-17T01:03:00.000000000Z,23,108.692,108.699,108.686,108.697
2019-10-17T01:04:00.000000000Z,15,108.695,108.697,108.681,108.683
2019-10-17T01:05:00.000000000Z,22,108.68,108.693,108.665,108.693
2019-10-17T01:06:00.000000000Z,76,108.691,108.736,108.691,108.721
2019-10-17T01:07:00.000000000Z,29,108.724,108.736,108.724,108.731
2019-10-17T01:08:00.000000000Z,40,108.728,108.755,108.728,108.743
2019-10-17T01:09:00.000000000Z,29,108.74,108.747,108.733,108.74
2019-10-17T01:10:00.000000000Z,21,108.738,108.745,108.733,108.736
2019-10-17T01:11:00.000000000Z,9,108.739,108.745,108.739,108.745
2019-10-17T01:12:00.000000000Z,7,108.741,108.746,108.741,108.743
2019-10-17T01:13:00.000000000Z,11,108.74,108.745,108.732,108.745
2019-10-17T01:14:00.000000000Z,7,108.747,108.755,108.747,108.752
2019-10-17T01:15:00.000000000Z,38,108.749,108.749,108.73,108.745
2019-10-17T01:16:00.000000000Z,13,108.743,108.752,108.742,108.752
2019-10-17T01:17:00.000000000Z,39,108.749,108.766,108.749,108.763
2019-10-17T01:18:00.000000000Z,20,108.767,108.769,108.751,108.753
2019-10-17T01:19:00.000000000Z,17,108.756,108.756,108.753,108.756
2019-10-17T01:20:00.000000000Z,35,108.754,108.762,108.749,108.76
2019-10-17T01:21:00.000000000Z,10,108.762,108.765,108.76,108.76
2019-10-17T01:22:00.000000000Z,28,108.758,108.777,108.752,108.76
2019-10-17T01:23:00.000000000Z,9,108.763,108.776,108.763,108.774
2019-10-17T01:24:00.000000000Z,14,108.776,108.782,108.774,108.779
2019-10-17T01:25:00.000000000Z,14,108.781,108.786,108.773,108.773
2019-10-17T01:26:00.000000000Z,11,108.771,108.776,108.771,108.771
2019-10-17T01:27:00.000000000Z,13,108.769,108.774,108.761,108.774
2019-10-17T01:28:00.000000000Z,9,108.771,108.771,108.759,108.768
2019-10-17T01:29:00.000000000Z,27,108.771,108.777,108.76,108.765
2019-10-17T01:30:00.000000000Z,29,108.768,108.776,108.755,108.776
2019-10-17T01:31:00.000000000Z,17,108.774,108.774,108.766,108.769
2019-10-17T01:32:00.000000000Z,13,108.767,108.769,108.75,108.75
2019-10-17T01:33:00.000000000Z,17,108.747,108.747,108.74,108.746
2019-10-17T01:34:00.000000000Z,3,108.744,108.744,108.742,108.742
2019-10-17T01:35:00.000000000Z,14,108.746,108.753,108.743,108.753
2019-10-17T01:36:00.000000000Z,14,108.756,108.776,108.756,108.774
2019-10-17T01:37:00.000000000Z,24,108.777,108.78,108.764,108.77
2019-10-17T01:38:00.000000000Z,9,108.767,108.775,108.767,108.773
2019-10-17T01:39:00.000000000Z,24,108.775,108.782,108.763,108.765
2019-10-17T01:40:00.000000000Z,26,108.767,108.787,108.758,108.78
2019-10-17T01:41:00.000000000Z,10,108.783,108.786,108.778,108.781
2019-10-17T01:42:00.000000000Z,7,108.783,108.786,108.781,108.783
2019-10-17T01:43:00.000000000Z,6,108.785,108.793,108.783,108.793
2019-10-17T01:44:00.000000000Z,10,108.795,108.795,108.788,108.793
2019-10-17T01:45:00.000000000Z,36,108.795,108.821,108.792,108.818
2019-10-17T01:46:00.000000000Z,18,108.815,108.817,108.807,108.813
2019-10-17T01:47:00.000000000Z,12,108.815,108.817,108.809,108.813
2019-10-17T01:48:00.000000000Z,4,108.816,108.821,108.816,108.819
2019-10-17T01:49:00.000000000Z,8,108.817,108.817,108.812,108.814
2019-10-17T01:50:00.000000000Z,18,108.816,108.816,108.795,108.795
2019-10-17T01:51:00.000000000Z,23,108.792,108.806,108.79,108.803
2019-10-17T01:52:00.000000000Z,12,108.801,108.803,108.792,108.798
2019-10-17T01:53:00.000000000Z,6,108.795,108.8,108.793,108.793
2019-10-17T01:54:00.000000000Z,7,108.791,108.795,108.791,108.795
2019-10-17T01:55:00.000000000Z,7,108.793,108.795,108.791,108.793
2019-10-17T01:56:00.000000000Z,12,108.795,108.8,108.79,108.798
2019-10-17T01:57:00.000000000Z,8,108.795,108.801,108.793,108.793
2019-10-17T01:58:00.000000000Z,9,108.795,108.803,108.795,108.8
2019-10-17T01:59:00.000000000Z,4,108.797,108.799,108.797,108.798
2019-10-17T02:00:00.000000000Z,5,108.797,108.797,108.792,108.792
2019-10-17T02:01:00.000000000Z,4,108.794,108.795,108.792,108.792
2019-10-17T02:02:00.000000000Z,24,108.795,108.816,108.795,108.803
2019-10-17T02:03:00.000000000Z,14,108.806,108.808,108.79,108.794
2019-10-17T02:04:00.000000000Z,1,108.796,108.796,108.796,108.796
2019-10-17T02:05:00.000000000Z,16,108.799,108.806,108.791,108.794
2019-10-17T02:06:00.000000000Z,7,108.79,108.796,108.788,108.79
2019-10-17T02:07:00.000000000Z,8,108.787,108.791,108.785,108.791
2019-10-17T02:08:00.000000000Z,8,108.788,108.79,108.785,108.786
2019-10-17T02:09:00.000000000Z,4,108.783,108.786,108.783,108.786
2019-10-17T02:10:00.000000000Z,8,108.784,108.784,108.773,108.775
2019-10-17T02:11:00.000000000Z,2,108.777,108.78,108.777,108.78
2019-10-17T02:12:00.000000000Z,2,108.779,108.779,108.779,108.779
2019-10-17T02:13:00.000000000Z,4,108.777,108.785,108.777,108.785
2019-10-17T02:14:00.000000000Z,8,108.788,108.788,108.777,108.78
2019-10-17T02:15:00.000000000Z,1,108.777,108.777,108.777,108.777
2019-10-17T02:16:00.000000000Z,8,108.779,108.783,108.779,108.781
2019-10-17T02:17:00.000000000Z,2,108.783,108.783,108.781,108.781
2019-10-17T02:18:00.000000000Z,3,108.783,108.783,108.779,108.779
2019-10-17T02:19:00.000000000Z,8,108.781,108.784,108.778,108.784
2019-10-17T02:20:00.000000000Z,4,108.781,108.781,108.778,108.778
2019-10-17T02:21:00.000000000Z,6,108.776,108.781,108.776,108.777
2019-10-17T02:22:00.000000000Z,7,108.781,108.782,108.777,108.777
2019-10-17T02:23:00.000000000Z,2,108.774,108.776,108.774,108.776
2019-10-17T02:24:00.000000000Z,9,108.774,108.774,108.764,108.764
2019-10-17T02:25:00.000000000Z,8,108.767,108.769,108.764,108.769
2019-10-17T02:26:00.000000000Z,8,108.766,108.769,108.764,108.764
2019-10-17T02:27:00.000000000Z,4,108.761,108.769,108.761,108.769
2019-10-17T02:28:00.000000000Z,5,108.772,108.772,108.77,108.772
2019-10-17T02:29:00.000000000Z,6,108.768,108.772,108.765,108.772
2019-10-17T02:30:00.000000000Z,7,108.77,108.774,108.77,108.774
2019-10-17T02:31:00.000000000Z,5,108.777,108.777,108.775,108.777
2019-10-17T02:32:00.000000000Z,4,108.775,108.775,108.77,108.772
2019-10-17T02:33:00.000000000Z,8,108.77,108.772,108.767,108.767
2019-10-17T02:34:00.000000000Z,1,108.77,108.77,108.77,108.77
2019-10-17T02:35:00.000000000Z,6,108.767,108.771,108.767,108.768
2019-10-17T02:36:00.000000000Z,8,108.771,108.774,108.767,108.77
2019-10-17T02:37:00.000000000Z,7,108.772,108.778,108.772,108.778
2019-10-17T02:38:00.000000000Z,2,108.775,108.777,108.775,108.777
2019-10-17T02:39:00.000000000Z,7,108.775,108.777,108.775,108.775
2019-10-17T02:40:00.000000000Z,8,108.777,108.778,108.773,108.775
2019-10-17T02:41:00.000000000Z,2,108.773,108.775,108.773,108.775
2019-10-17T02:42:00.000000000Z,5,108.773,108.773,108.77,108.772
2019-10-17T02:43:00.000000000Z,3,108.775,108.775,108.773,108.775
2019-10-17T02:44:00.000000000Z,3,108.772,108.778,108.772,108.778
2019-10-17T02:45:00.000000000Z,3,108.776,108.776,108.773,108.775
2019-10-17T02:46:00.000000000Z,7,108.773,108.773,108.77,108.772
2019-10-17T02:47:00.000000000Z,2,108.774,108.774,108.772,108.772
2019-10-17T02:48:00.000000000Z,2,108.769,108.769,108.767,108.767
2019-10-17T02:49:00.000000000Z,3,108.768,108.771,108.768,108.769
2019-10-17T02:50:00.000000000Z,1,108.771,108.771,108.771,108.771
2019-10-17T02:51:00.000000000Z,3,108.769,108.771,108.769,108.769
2019-10-17T02:53:00.000000000Z,1,108.766,108.766,108.766,108.766
2019-10-17T02:54:00.000000000Z,4,108.769,108.776,108.769,108.776
2019-10-17T02:55:00.000000000Z,1,108.773,108.773,108.773,108.773
2019-10-17T02:56:00.000000000Z,6,108.776,108.776,108.771,108.773
2019-10-17T02:57:00.000000000Z,1,108.771,108.771,108.771,108.771
2019-10-17T02:58:00.000000000Z,8,108.768,108.768,108.762,108.766
2019-10-17T02:59:00.000000000Z,3,108.768,108.774,108.768,108.774
2019-10-17T03:00:00.000000000Z,4,108.772,108.772,108.767,108.769
2019-10-17T03:01:00.000000000Z,8,108.767,108.772,108.764,108.769
2019-10-17T03:02:00.000000000Z,2,108.771,108.771,108.769,108.769
2019-10-17T03:03:00.000000000Z,4,108.772,108.774,108.769,108.769
2019-10-17T03:04:00.000000000Z,1,108.772,108.772,108.772,108.772
2019-10-17T03:05:00.000000000Z,2,108.769,108.771,108.769,108.771
2019-10-17T03:06:00.000000000Z,3,108.769,108.773,108.769,108.773
2019-10-17T03:07:00.000000000Z,2,108.771,108.771,108.769,108.769
2019-10-17T03:08:00.000000000Z,2,108.766,108.768,108.766,108.768
2019-10-17T03:09:00.000000000Z,8,108.771,108.776,108.771,108.773
2019-10-17T03:10:00.000000000Z,3,108.771,108.774,108.771,108.772
2019-10-17T03:11:00.000000000Z,2,108.769,108.769,108.767,108.767
2019-10-17T03:12:00.000000000Z,4,108.763,108.766,108.763,108.766
2019-10-17T03:13:00.000000000Z,2,108.764,108.764,108.762,108.762
2019-10-17T03:14:00.000000000Z,4,108.764,108.767,108.761,108.767
2019-10-17T03:15:00.000000000Z,3,108.765,108.765,108.762,108.765
2019-10-17T03:16:00.000000000Z,6,108.762,108.762,108.752,108.754
2019-10-17T03:17:00.000000000Z,3,108.757,108.762,108.757,108.762
2019-10-17T03:18:00.000000000Z,3,108.765,108.765,108.76,108.76
2019-10-17T03:19:00.000000000Z,3,108.762,108.764,108.762,108.762
2019-10-17T03:21:00.000000000Z,3,108.763,108.763,108.76,108.76
2019-10-17T03:22:00.000000000Z,5,108.758,108.759,108.755,108.757
2019-10-17T03:23:00.000000000Z,7,108.759,108.759,108.75,108.755
2019-10-17T03:24:00.000000000Z,8,108.757,108.765,108.757,108.765
2019-10-17T03:25:00.000000000Z,3,108.763,108.766,108.763,108.763
2019-10-17T03:26:00.000000000Z,5,108.765,108.765,108.763,108.765
2019-10-17T03:27:00.000000000Z,3,108.763,108.768,108.763,108.768
2019-10-17T03:28:00.000000000Z,3,108.765,108.766,108.764,108.766
2019-10-17T03:30:00.000000000Z,3,108.763,108.765,108.763,108.763
2019-10-17T03:31:00.000000000Z,1,108.766,108.766,108.766,108.766
2019-10-17T03:32:00.000000000Z,6,108.768,108.771,108.768,108.771
2019-10-17T03:33:00.000000000Z,3,108.769,108.774,108.769,108.774
2019-10-17T03:34:00.000000000Z,4,108.771,108.771,108.769,108.769
2019-10-17T03:35:00.000000000Z,5,108.771,108.771,108.769,108.771
2019-10-17T03:36:00.000000000Z,1,108.774,108.774,108.774,108.774
2019-10-17T03:38:00.000000000Z,2,108.775,108.778,108.775,108.778
2019-10-17T03:39:00.000000000Z,1,108.776,108.776,108.776,108.776
2019-10-17T03:40:00.000000000Z,1,108.778,108.778,108.778,108.778
2019-10-17T03:41:00.000000000Z,3,108.776,108.776,108.771,108.771
2019-10-17T03:42:00.000000000Z,1,108.773,108.773,108.773,108.773
2019-10-17T03:43:00.000000000Z,1,108.77,108.77,108.77,108.77
2019-10-17T03:44:00.000000000Z,1,108.772,108.772,108.772,108.772
2019-10-17T03:45:00.000000000Z,3,108.775,108.776,108.775,108.775
2019-10-17T03:46:00.000000000Z,2,108.777,108.777,108.775,108.775
2019-10-17T03:47:00.000000000Z,3,108.773,108.774,108.773,108.773
2019-10-17T03:49:00.000000000Z,1,108.77,108.77,108.77,108.77
2019-10-17T03:50:00.000000000Z,2,108.772,108.772,108.771,108.771
2019-10-17T03:51:00.000000000Z,3,108.768,108.768,108.763,108.763
2019-10-17T03:52:00.000000000Z,4,108.765,108.765,108.763,108.763
2019-10-17T03:53:00.000000000Z,2,108.766,108.766,108.764,108.764
2019-10-17T03:54:00.000000000Z,4,108.765,108.765,108.763,108.763
2019-10-17T03:55:00.000000000Z,2,108.765,108.765,108.763,108.763
2019-10-17T03:56:00.000000000Z,2,108.761,108.763,108.761,108.763
2019-10-17T03:57:00.000000000Z,5,108.765,108.772,108.764,108.772
2019-10-17T03:58:00.000000000Z,4,108.77,108.77,108.765,108.767
2019-10-17T03:59:00.000000000Z,6,108.769,108.774,108.768,108.771
2019-10-17T04:00:00.000000000Z,6,108.773,108.777,108.767,108.767
2019-10-17T04:01:00.000000000Z,5,108.764,108.766,108.762,108.764
2019-10-17T04:02:00.000000000Z,3,108.766,108.767,108.762,108.767
2019-10-17T04:03:00.000000000Z,3,108.769,108.771,108.769,108.769
2019-10-17T04:04:00.000000000Z,3,108.772,108.772,108.767,108.767
2019-10-17T04:05:00.000000000Z,1,108.765,108.765,108.765,108.765
2019-10-17T04:08:00.000000000Z,4,108.767,108.767,108.764,108.764
2019-10-17T04:10:00.000000000Z,5,108.761,108.761,108.757,108.758
2019-10-17T04:11:00.000000000Z,7,108.754,108.758,108.752,108.755
2019-10-17T04:12:00.000000000Z,1,108.753,108.753,108.753,108.753
2019-10-17T04:14:00.000000000Z,13,108.754,108.762,108.752,108.754
2019-10-17T04:15:00.000000000Z,4,108.751,108.753,108.748,108.748
2019-10-17T04:16:00.000000000Z,7,108.751,108.758,108.751,108.751
2019-10-17T04:17:00.000000000Z,3,108.753,108.753,108.751,108.753
2019-10-17T04:18:00.000000000Z,2,108.751,108.753,108.751,108.753
2019-10-17T04:19:00.000000000Z,2,108.756,108.759,108.756,108.759
2019-10-17T04:20:00.000000000Z,4,108.757,108.759,108.757,108.759
2019-10-17T04:21:00.000000000Z,4,108.761,108.766,108.761,108.764
2019-10-17T04:22:00.000000000Z,1,108.762,108.762,108.762,108.762
2019-10-17T04:23:00.000000000Z,4,108.764,108.764,108.761,108.761
2019-10-17T04:24:00.000000000Z,2,108.763,108.763,108.762,108.762
2019-10-17T04:25:00.000000000Z,4,108.76,108.762,108.757,108.762
2019-10-17T04:26:00.000000000Z,17,108.759,108.759,108.742,108.742
2019-10-17T04:27:00.000000000Z,8,108.747,108.751,108.744,108.748
2019-10-17T04:28:00.000000000Z,2,108.748,108.748,108.744,108.744
2019-10-17T04:29:00.000000000Z,4,108.747,108.749,108.744,108.749
2019-10-17T04:31:00.000000000Z,7,108.747,108.755,108.747,108.752
2019-10-17T04:32:00.000000000Z,2,108.754,108.754,108.753,108.753
2019-10-17T04:33:00.000000000Z,4,108.75,108.755,108.75,108.752
2019-10-17T04:34:00.000000000Z,8,108.755,108.755,108.743,108.743
2019-10-17T04:35:00.000000000Z,8,108.744,108.744,108.73,108.73
2019-10-17T04:36:00.000000000Z,6,108.726,108.726,108.718,108.721
2019-10-17T04:37:00.000000000Z,1,108.718,108.718,108.718,108.718
2019-10-17T04:38:00.000000000Z,5,108.72,108.726,108.72,108.726
2019-10-17T04:39:00.000000000Z,8,108.728,108.73,108.726,108.726
2019-10-17T04:40:00.000000000Z,5,108.723,108.734,108.723,108.734
2019-10-17T04:41:00.000000000Z,5,108.732,108.738,108.732,108.737
2019-10-17T04:42:00.000000000Z,2,108.734,108.736,108.734,108.736
2019-10-17T04:43:00.000000000Z,1,108.734,108.734,108.734,108.734
2019-10-17T04:44:00.000000000Z,1,108.737,108.737,108.737,108.737
2019-10-17T04:45:00.000000000Z,2,108.734,108.737,108.734,108.737
2019-10-17T04:46:00.000000000Z,5,108.734,108.737,108.734,108.734
2019-10-17T04:47:00.000000000Z,6,108.735,108.735,108.731,108.733
2019-10-17T04:48:00.000000000Z,7,108.736,108.738,108.734,108.736
2019-10-17T04:49:00.000000000Z,5,108.734,108.739,108.734,108.738
2019-10-17T04:50:00.000000000Z,4,108.735,108.743,108.735,108.743
2019-10-17T04:51:00.000000000Z,1,108.739,108.739,108.739,108.739
2019-10-17T04:52:00.000000000Z,8,108.737,108.741,108.735,108.741
2019-10-17T04:53:00.000000000Z,1,108.738,108.738,108.738,108.738
2019-10-17T04:54:00.000000000Z,2,108.741,108.741,108.738,108.738
2019-10-17T04:55:00.000000000Z,1,108.739,108.739,108.739,108.739
2019-10-17T04:56:00.000000000Z,6,108.742,108.743,108.738,108.741
2019-10-17T04:57:00.000000000Z,2,108.738,108.741,108.738,108.741
2019-10-17T04:58:00.000000000Z,7,108.738,108.738,108.728,108.728
2019-10-17T04:59:00.000000000Z,6,108.73,108.73,108.728,108.728
2019-10-17T05:00:00.000000000Z,4,108.73,108.73,108.723,108.723
2019-10-17T05:01:00.000000000Z,5,108.721,108.727,108.721,108.727
2019-10-17T05:02:00.000000000Z,2,108.73,108.732,108.73,108.732
2019-10-17T05:03:00.000000000Z,2,108.735,108.737,108.735,108.737
2019-10-17T05:04:00.000000000Z,2,108.735,108.737,108.735,108.737
2019-10-17T05:05:00.000000000Z,11,108.74,108.74,108.733,108.739
2019-10-17T05:06:00.000000000Z,2,108.741,108.741,108.739,108.739
2019-10-17T05:07:00.000000000Z,6,108.741,108.754,108.741,108.754
2019-10-17T05:08:00.000000000Z,4,108.752,108.754,108.752,108.753
2019-10-17T05:09:00.000000000Z,1,108.751,108.751,108.751,108.751
2019-10-17T05:10:00.000000000Z,5,108.748,108.748,108.742,108.748
2019-10-17T05:11:00.000000000Z,7,108.751,108.756,108.751,108.752
2019-10-17T05:12:00.000000000Z,4,108.754,108.754,108.747,108.747
2019-10-17T05:13:00.000000000Z,2,108.75,108.753,108.75,108.753
2019-10-17T05:14:00.000000000Z,2,108.75,108.753,108.75,108.753
2019-10-17T05:15:00.000000000Z,4,108.75,108.753,108.75,108.752
2019-10-17T05:17:00.000000000Z,1,108.75,108.75,108.75,108.75
2019-10-17T05:18:00.000000000Z,3,108.751,108.754,108.751,108.752
2019-10-17T05:19:00.000000000Z,2,108.75,108.75,108.747,108.747
2019-10-17T05:20:00.000000000Z,6,108.745,108.748,108.74,108.748
2019-10-17T05:21:00.000000000Z,4,108.745,108.745,108.74,108.742
2019-10-17T05:22:00.000000000Z,2,108.745,108.745,108.742,108.742
2019-10-17T05:23:00.000000000Z,1,108.745,108.745,108.745,108.745
2019-10-17T05:24:00.000000000Z,6,108.743,108.749,108.743,108.744
2019-10-17T05:26:00.000000000Z,4,108.741,108.741,108.736,108.739
2019-10-17T05:27:00.000000000Z,9,108.742,108.749,108.737,108.746
2019-10-17T05:28:00.000000000Z,2,108.75,108.752,108.75,108.752
2019-10-17T05:29:00.000000000Z,2,108.754,108.757,108.754,108.757
2019-10-17T05:30:00.000000000Z,6,108.759,108.759,108.752,108.757
2019-10-17T05:31:00.000000000Z,13,108.754,108.754,108.743,108.745
2019-10-17T05:32:00.000000000Z,4,108.747,108.753,108.747,108.75
2019-10-17T05:33:00.000000000Z,1,108.747,108.747,108.747,108.747
2019-10-17T05:34:00.000000000Z,5,108.75,108.75,108.743,108.745
2019-10-17T05:35:00.000000000Z,5,108.742,108.742,108.737,108.737
2019-10-17T05:36:00.000000000Z,5,108.74,108.741,108.738,108.741
2019-10-17T05:37:00.000000000Z,4,108.742,108.742,108.735,108.735
2019-10-17T05:40:00.000000000Z,7,108.739,108.75,108.739,108.75
2019-10-17T05:41:00.000000000Z,3,108.747,108.75,108.747,108.747
2019-10-17T05:42:00.000000000Z,2,108.75,108.75,108.747,108.747
2019-10-17T05:43:00.000000000Z,6,108.75,108.753,108.746,108.753
2019-10-17T05:44:00.000000000Z,2,108.751,108.753,108.751,108.753
2019-10-17T05:45:00.000000000Z,8,108.755,108.76,108.755,108.759
2019-10-17T05:47:00.000000000Z,19,108.755,108.755,108.741,108.75
2019-10-17T05:48:00.000000000Z,45,108.753,108.755,108.713,108.713
2019-10-17T05:49:00.000000000Z,61,108.71,108.717,108.694,108.699
2019-10-17T05:50:00.000000000Z,33,108.702,108.726,108.698,108.726
2019-10-17T05:51:00.000000000Z,27,108.723,108.724,108.718,108.722
2019-10-17T05:52:00.000000000Z,23,108.721,108.73,108.721,108.727
2019-10-17T05:53:00.000000000Z,39,108.724,108.73,108.706,108.724
2019-10-17T05:54:00.000000000Z,33,108.722,108.737,108.72,108.732
2019-10-17T05:55:00.000000000Z,18,108.735,108.736,108.726,108.726
2019-10-17T05:56:00.000000000Z,12,108.728,108.735,108.728,108.735
2019-10-17T05:57:00.000000000Z,10,108.733,108.735,108.727,108.73
2019-10-17T05:58:00.000000000Z,13,108.728,108.735,108.727,108.728
2019-10-17T05:59:00.000000000Z,22,108.73,108.75,108.728,108.75
2019-10-17T06:00:00.000000000Z,20,108.748,108.748,108.726,108.732
2019-10-17T06:01:00.000000000Z,15,108.728,108.728,108.716,108.72
2019-10-17T06:02:00.000000000Z,14,108.723,108.735,108.723,108.735
2019-10-17T06:03:00.000000000Z,15,108.733,108.742,108.728,108.742
2019-10-17T06:04:00.000000000Z,22,108.745,108.747,108.721,108.73
2019-10-17T06:05:00.000000000Z,15,108.728,108.738,108.725,108.738
2019-10-17T06:06:00.000000000Z,26,108.735,108.739,108.731,108.739
2019-10-17T06:07:00.000000000Z,7,108.737,108.741,108.734,108.737
2019-10-17T06:08:00.000000000Z,27,108.734,108.751,108.733,108.744
2019-10-17T06:09:00.000000000Z,17,108.742,108.748,108.737,108.737
2019-10-17T06:10:00.000000000Z,12,108.739,108.747,108.739,108.747
2019-10-17T06:11:00.000000000Z,12,108.749,108.754,108.741,108.745
2019-10-17T06:12:00.000000000Z,10,108.749,108.751,108.749,108.751
2019-10-17T06:13:00.000000000Z,3,108.748,108.748,108.746,108.748
2019-10-17T06:14:00.000000000Z,10,108.75,108.753,108.746,108.748
2019-10-17T06:15:00.000000000Z,4,108.75,108.753,108.75,108.753
2019-10-17T06:16:00.000000000Z,25,108.756,108.771,108.752,108.762
2019-10-17T06:17:00.000000000Z,11,108.759,108.762,108.754,108.759
2019-10-17T06:18:00.000000000Z,13,108.757,108.762,108.75,108.757
2019-10-17T06:19:00.000000000Z,14,108.754,108.755,108.742,108.747
2019-10-17T06:20:00.000000000Z,20,108.743,108.752,108.738,108.742
2019-10-17T06:21:00.000000000Z,12,108.745,108.75,108.742,108.742
2019-10-17T06:22:00.000000000Z,8,108.74,108.755,108.74,108.753
2019-10-17T06:23:00.000000000Z,13,108.751,108.751,108.74,108.745
2019-10-17T06:24:00.000000000Z,6,108.747,108.755,108.747,108.749
2019-10-17T06:25:00.000000000Z,10,108.751,108.764,108.751,108.759
2019-10-17T06:26:00.000000000Z,6,108.761,108.766,108.759,108.759
2019-10-17T06:27:00.000000000Z,7,108.757,108.757,108.75,108.752
2019-10-17T06:28:00.000000000Z,3,108.754,108.759,108.754,108.759
2019-10-17T06:29:00.000000000Z,9,108.757,108.757,108.75,108.752
2019-10-17T06:30:00.000000000Z,8,108.75,108.755,108.747,108.747
2019-10-17T06:31:00.000000000Z,8,108.75,108.75,108.739,108.739
2019-10-17T06:32:00.000000000Z,6,108.742,108.747,108.741,108.744
2019-10-17T06:33:00.000000000Z,5,108.747,108.747,108.737,108.737
2019-10-17T06:34:00.000000000Z,3,108.735,108.735,108.729,108.729
2019-10-17T06:35:00.000000000Z,4,108.732,108.74,108.732,108.74
2019-10-17T06:36:00.000000000Z,5,108.738,108.74,108.735,108.737
2019-10-17T06:37:00.000000000Z,7,108.735,108.744,108.733,108.741
2019-10-17T06:38:00.000000000Z,8,108.739,108.744,108.739,108.741
2019-10-17T06:39:00.000000000Z,15,108.744,108.744,108.721,108.726
2019-10-17T06:40:00.000000000Z,10,108.728,108.734,108.726,108.73
2019-10-17T06:41:00.000000000Z,5,108.733,108.735,108.73,108.732
2019-10-17T06:42:00.000000000Z,8,108.735,108.747,108.735,108.744
2019-10-17T06:43:00.000000000Z,4,108.742,108.747,108.742,108.744
2019-10-17T06:44:00.000000000Z,7,108.747,108.753,108.742,108.742
2019-10-17T06:45:00.000000000Z,5,108.74,108.742,108.734,108.734
2019-10-17T06:46:00.000000000Z,5,108.736,108.742,108.736,108.737
2019-10-17T06:47:00.000000000Z,6,108.739,108.746,108.739,108.741
2019-10-17T06:48:00.000000000Z,15,108.744,108.76,108.744,108.757
2019-10-17T06:49:00.000000000Z,14,108.755,108.76,108.747,108.752
2019-10-17T06:50:00.000000000Z,4,108.755,108.76,108.755,108.757
2019-10-17T06:51:00.000000000Z,9,108.759,108.766,108.759,108.765
2019-10-17T06:52:00.000000000Z,6,108.764,108.771,108.764,108.765
2019-10-17T06:53:00.000000000Z,7,108.768,108.768,108.761,108.763
2019-10-17T06:54:00.000000000Z,5,108.76,108.765,108.758,108.765
2019-10-17T06:55:00.000000000Z,7,108.768,108.771,108.758,108.758
2019-10-17T06:56:00.000000000Z,6,108.76,108.76,108.756,108.759
2019-10-17T06:57:00.000000000Z,10,108.762,108.764,108.755,108.755
2019-10-17T06:58:00.000000000Z,6,108.752,108.762,108.752,108.759
2019-10-17T06:59:00.000000000Z,3,108.762,108.762,108.759,108.762
2019-10-17T07:00:00.000000000Z,37,108.765,108.784,108.765,108.783
2019-10-17T07:01:00.000000000Z,24,108.786,108.796,108.779,108.794
2019-10-17T07:02:00.000000000Z,18,108.792,108.797,108.779,108.78
2019-10-17T07:03:00.000000000Z,11,108.783,108.784,108.779,108.781
2019-10-17T07:04:00.000000000Z,8,108.784,108.787,108.777,108.777
2019-10-17T07:05:00.000000000Z,8,108.78,108.78,108.771,108.776
2019-10-17T07:06:00.000000000Z,14,108.774,108.774,108.76,108.76
2019-10-17T07:07:00.000000000Z,13,108.762,108.776,108.762,108.773
2019-10-17T07:08:00.000000000Z,14,108.771,108.787,108.771,108.787
2019-10-17T07:09:00.000000000Z,34,108.79,108.816,108.79,108.802
2019-10-17T07:10:00.000000000Z,28,108.804,108.809,108.791,108.791
2019-10-17T07:11:00.000000000Z,17,108.793,108.798,108.788,108.788
2019-10-17T07:12:00.000000000Z,11,108.785,108.796,108.783,108.791
2019-10-17T07:13:00.000000000Z,14,108.793,108.807,108.793,108.807
2019-10-17T07:14:00.000000000Z,19,108.81,108.813,108.798,108.801
2019-10-17T07:15:00.000000000Z,11,108.798,108.801,108.791,108.793
2019-10-17T07:16:00.000000000Z,14,108.791,108.802,108.788,108.795
2019-10-17T07:17:00.000000000Z,18,108.797,108.8,108.782,108.785
2019-10-17T07:18:00.000000000Z,10,108.782,108.782,108.77,108.772
2019-10-17T07:19:00.000000000Z,10,108.775,108.777,108.773,108.773
2019-10-17T07:20:00.000000000Z,11,108.775,108.782,108.772,108.779
2019-10-17T07:21:00.000000000Z,9,108.781,108.781,108.774,108.781
2019-10-17T07:22:00.000000000Z,19,108.783,108.793,108.776,108.783
2019-10-17T07:23:00.000000000Z,13,108.78,108.795,108.777,108.785
2019-10-17T07:24:00.000000000Z,16,108.788,108.803,108.788,108.799
2019-10-17T07:25:00.000000000Z,10,108.798,108.806,108.795,108.801
2019-10-17T07:26:00.000000000Z,10,108.804,108.804,108.787,108.787
2019-10-17T07:27:00.000000000Z,19,108.783,108.783,108.758,108.763
2019-10-17T07:28:00.000000000Z,9,108.765,108.772,108.763,108.765
2019-10-17T07:29:00.000000000Z,11,108.763,108.772,108.763,108.772
2019-10-17T07:30:00.000000000Z,5,108.775,108.781,108.775,108.781
2019-10-17T07:31:00.000000000Z,15,108.779,108.79,108.779,108.79
2019-10-17T07:32:00.000000000Z,2,108.788,108.788,108.785,108.785
2019-10-17T07:33:00.000000000Z,6,108.783,108.783,108.774,108.774
2019-10-17T07:34:00.000000000Z,6,108.777,108.779,108.77,108.77
2019-10-17T07:35:00.000000000Z,9,108.772,108.783,108.77,108.778
2019-10-17T07:36:00.000000000Z,17,108.776,108.783,108.77,108.775
2019-10-17T07:37:00.000000000Z,5,108.773,108.778,108.77,108.778
2019-10-17T07:38:00.000000000Z,5,108.78,108.785,108.78,108.785
2019-10-17T07:39:00.000000000Z,14,108.783,108.786,108.776,108.785
2019-10-17T07:40:00.000000000Z,10,108.788,108.796,108.788,108.796
2019-10-17T07:41:00.000000000Z,14,108.798,108.799,108.791,108.792
2019-10-17T07:42:00.000000000Z,18,108.795,108.802,108.788,108.797
2019-10-17T07:43:00.000000000Z,11,108.799,108.815,108.797,108.81
2019-10-17T07:44:00.000000000Z,13,108.813,108.813,108.808,108.813
2019-10-17T07:45:00.000000000Z,15,108.81,108.81,108.795,108.795
2019-10-17T07:46:00.000000000Z,17,108.791,108.799,108.782,108.799
2019-10-17T07:47:00.000000000Z,9,108.797,108.802,108.792,108.796
2019-10-17T07:48:00.000000000Z,8,108.794,108.8,108.791,108.8
2019-10-17T07:49:00.000000000Z,5,108.797,108.798,108.793,108.793
2019-10-17T07:50:00.000000000Z,8,108.795,108.796,108.794,108.794
2019-10-17T07:51:00.000000000Z,6,108.796,108.799,108.792,108.794
2019-10-17T07:52:00.000000000Z,5,108.792,108.801,108.792,108.801
2019-10-17T07:53:00.000000000Z,11,108.799,108.799,108.792,108.793
2019-10-17T07:54:00.000000000Z,12,108.792,108.809,108.792,108.804
2019-10-17T07:55:00.000000000Z,28,108.807,108.827,108.807,108.827
2019-10-17T07:56:00.000000000Z,33,108.829,108.836,108.823,108.834
2019-10-17T07:57:00.000000000Z,24,108.832,108.839,108.826,108.834
2019-10-17T07:58:00.000000000Z,11,108.832,108.841,108.828,108.841
2019-10-17T07:59:00.000000000Z,17,108.839,108.845,108.827,108.834
2019-10-17T08:00:00.000000000Z,17,108.831,108.842,108.831,108.842
2019-10-17T08:01:00.000000000Z,13,108.84,108.843,108.829,108.836
2019-10-17T08:02:00.000000000Z,10,108.834,108.838,108.83,108.835
2019-10-17T08:03:00.000000000Z,10,108.837,108.84,108.824,108.824
2019-10-17T08:04:00.000000000Z,12,108.821,108.824,108.818,108.824
2019-10-17T08:05:00.000000000Z,10,108.821,108.826,108.82,108.823
2019-10-17T08:06:00.000000000Z,14,108.825,108.832,108.824,108.824
2019-10-17T08:07:00.000000000Z,16,108.821,108.824,108.808,108.817
2019-10-17T08:08:00.000000000Z,12,108.821,108.821,108.808,108.808
2019-10-17T08:09:00.000000000Z,8,108.811,108.82,108.811,108.818
2019-10-17T08:10:00.000000000Z,5,108.816,108.818,108.811,108.811
2019-10-17T08:11:00.000000000Z,5,108.813,108.815,108.811,108.813
2019-10-17T08:12:00.000000000Z,4,108.81,108.815,108.81,108.813
2019-10-17T08:13:00.000000000Z,10,108.809,108.81,108.803,108.803
2019-10-17T08:14:00.000000000Z,4,108.8,108.803,108.8,108.802
2019-10-17T08:15:00.000000000Z,12,108.799,108.805,108.799,108.802
2019-10-17T08:16:00.000000000Z,8,108.804,108.804,108.797,108.798
2019-10-17T08:17:00.000000000Z,10,108.797,108.799,108.794,108.798
2019-10-17T08:18:00.000000000Z,17,108.8,108.8,108.779,108.779
2019-10-17T08:19:00.000000000Z,6,108.777,108.789,108.777,108.789
2019-10-17T08:20:00.000000000Z,12,108.791,108.792,108.787,108.789
2019-10-17T08:21:00.000000000Z,8,108.791,108.797,108.791,108.797
2019-10-17T08:22:00.000000000Z,18,108.8,108.803,108.777,108.781
2019-10-17T08:23:00.000000000Z,10,108.784,108.792,108.781,108.792
2019-10-17T08:24:00.000000000Z,11,108.794,108.8,108.793,108.794
2019-10-17T08:25:00.000000000Z,6,108.797,108.798,108.789,108.789
2019-10-17T08:26:00.000000000Z,5,108.792,108.793,108.786,108.793
2019-10-17T08:27:00.000000000Z,17,108.788,108.792,108.781,108.784
2019-10-17T08:28:00.000000000Z,7,108.787,108.787,108.782,108.782
2019-10-17T08:29:00.000000000Z,9,108.783,108.787,108.782,108.785
2019-10-17T08:30:00.000000000Z,7,108.787,108.798,108.787,108.798
2019-10-17T08:31:00.000000000Z,14,108.795,108.795,108.769,108.772
2019-10-17T08:32:00.000000000Z,19,108.775,108.785,108.775,108.782
2019-10-17T08:33:00.000000000Z,13,108.783,108.783,108.766,108.766
2019-10-17T08:34:00.000000000Z,18,108.768,108.777,108.766,108.775
2019-10-17T08:35:00.000000000Z,10,108.773,108.783,108.771,108.78
2019-10-17T08:36:00.000000000Z,8,108.782,108.788,108.779,108.785
2019-10-17T08:37:00.000000000Z,14,108.782,108.8,108.779,108.8
2019-10-17T08:38:00.000000000Z,76,108.797,108.844,108.797,108.84
2019-10-17T08:39:00.000000000Z,44,108.836,108.864,108.836,108.856
2019-10-17T08:40:00.000000000Z,30,108.853,108.86,108.84,108.844
2019-10-17T08:41:00.000000000Z,33,108.847,108.859,108.841,108.851
2019-10-17T08:42:00.000000000Z,17,108.848,108.854,108.844,108.844
2019-10-17T08:43:00.000000000Z,14,108.841,108.842,108.834,108.84
2019-10-17T08:44:00.000000000Z,15,108.838,108.838,108.82,108.823
2019-10-17T08:45:00.000000000Z,22,108.825,108.839,108.822,108.836
2019-10-17T08:46:00.000000000Z,9,108.834,108.839,108.832,108.839
2019-10-17T08:47:00.000000000Z,26,108.837,108.853,108.834,108.848
2019-10-17T08:48:00.000000000Z,11,108.846,108.846,108.831,108.836
2019-10-17T08:49:00.000000000Z,10,108.834,108.837,108.824,108.827
2019-10-17T08:50:00.000000000Z,20,108.83,108.839,108.818,108.818
2019-10-17T08:51:00.000000000Z,25,108.816,108.831,108.812,108.829
2019-10-17T08:52:00.000000000Z,36,108.826,108.836,108.823,108.829
2019-10-17T08:53:00.000000000Z,18,108.826,108.829,108.817,108.822
2019-10-17T08:54:00.000000000Z,21,108.821,108.821,108.808,108.809
2019-10-17T08:55:00.000000000Z,13,108.808,108.816,108.804,108.804
2019-10-17T08:56:00.000000000Z,17,108.806,108.807,108.801,108.805
2019-10-17T08:57:00.000000000Z,4,108.803,108.803,108.798,108.801
2019-10-17T08:58:00.000000000Z,9,108.803,108.803,108.797,108.802
2019-10-17T08:59:00.000000000Z,6,108.806,108.811,108.806,108.811
2019-10-17T09:00:00.000000000Z,18,108.815,108.827,108.815,108.822
2019-10-17T09:01:00.000000000Z,16,108.82,108.827,108.819,108.823
2019-10-17T09:02:00.000000000Z,7,108.825,108.83,108.825,108.83
2019-10-17T09:03:00.000000000Z,10,108.828,108.828,108.818,108.818
2019-10-17T09:04:00.000000000Z,11,108.814,108.822,108.812,108.819
2019-10-17T09:05:00.000000000Z,12,108.821,108.822,108.807,108.81
2019-10-17T09:06:00.000000000Z,10,108.807,108.817,108.807,108.814
2019-10-17T09:07:00.000000000Z,12,108.812,108.817,108.804,108.808
2019-10-17T09:08:00.000000000Z,14,108.806,108.806,108.788,108.788
2019-10-17T09:09:00.000000000Z,32,108.792,108.806,108.79,108.806
2019-10-17T09:10:00.000000000Z,11,108.803,108.803,108.788,108.793
2019-10-17T09:11:00.000000000Z,21,108.796,108.798,108.785,108.785
2019-10-17T09:12:00.000000000Z,7,108.783,108.789,108.783,108.789
2019-10-17T09:13:00.000000000Z,32,108.786,108.786,108.749,108.757
2019-10-17T09:14:00.000000000Z,15,108.759,108.769,108.757,108.769
2019-10-17T09:15:00.000000000Z,11,108.767,108.771,108.764,108.767
2019-10-17T09:16:00.000000000Z,18,108.765,108.766,108.746,108.746
2019-10-17T09:17:00.000000000Z,49,108.748,108.756,108.711,108.729
2019-10-17T09:18:00.000000000Z,22,108.731,108.741,108.731,108.739
2019-10-17T09:19:00.000000000Z,5,108.736,108.742,108.733,108.742
2019-10-17T09:20:00.000000000Z,8,108.744,108.744,108.734,108.736
2019-10-17T09:21:00.000000000Z,5,108.739,108.739,108.737,108.739
2019-10-17T09:22:00.000000000Z,10,108.741,108.752,108.74,108.749
2019-10-17T09:23:00.000000000Z,13,108.746,108.753,108.743,108.745
2019-10-17T09:24:00.000000000Z,8,108.748,108.755,108.743,108.755
2019-10-17T09:25:00.000000000Z,8,108.752,108.754,108.747,108.754
2019-10-17T09:26:00.000000000Z,25,108.757,108.774,108.757,108.762
2019-10-17T09:27:00.000000000Z,15,108.764,108.774,108.761,108.774
2019-10-17T09:28:00.000000000Z,73,108.777,108.793,108.771,108.784
2019-10-17T09:29:00.000000000Z,31,108.786,108.791,108.772,108.772
2019-10-17T09:30:00.000000000Z,60,108.775,108.783,108.752,108.772
2019-10-17T09:31:00.000000000Z,172,108.774,108.843,108.774,108.843
2019-10-17T09:32:00.000000000Z,104,108.845,108.849,108.816,108.83
2019-10-17T09:33:00.000000000Z,87,108.833,108.843,108.8,108.805
2019-10-17T09:34:00.000000000Z,89,108.803,108.847,108.795,108.806
2019-10-17T09:35:00.000000000Z,148,108.808,108.828,108.787,108.792
2019-10-17T09:36:00.000000000Z,129,108.794,108.821,108.785,108.806
2019-10-17T09:37:00.000000000Z,77,108.803,108.853,108.803,108.842
2019-10-17T09:38:00.000000000Z,127,108.844,108.909,108.837,108.905
2019-10-17T09:39:00.000000000Z,169,108.903,108.933,108.888,108.898
2019-10-17T09:40:00.000000000Z,162,108.9,108.926,108.893,108.911
2019-10-17T09:41:00.000000000Z,118,108.914,108.93,108.868,108.884
2019-10-17T09:42:00.000000000Z,73,108.887,108.894,108.867,108.87
2019-10-17T09:43:00.000000000Z,57,108.871,108.884,108.863,108.881
2019-10-17T09:44:00.000000000Z,34,108.879,108.892,108.879,108.892
2019-10-17T09:45:00.000000000Z,43,108.89,108.902,108.875,108.899
2019-10-17T09:46:00.000000000Z,65,108.897,108.92,108.894,108.911
2019-10-17T09:47:00.000000000Z,34,108.908,108.911,108.894,108.905
2019-10-17T09:48:00.000000000Z,30,108.904,108.917,108.898,108.905
2019-10-17T09:49:00.000000000Z,39,108.903,108.906,108.881,108.894
2019-10-17T09:50:00.000000000Z,48,108.891,108.904,108.88,108.884
2019-10-17T09:51:00.000000000Z,37,108.882,108.896,108.876,108.891
2019-10-17T09:52:00.000000000Z,18,108.889,108.889,108.878,108.886
2019-10-17T09:53:00.000000000Z,25,108.883,108.889,108.873,108.878
2019-10-17T09:54:00.000000000Z,60,108.88,108.884,108.83,108.845
2019-10-17T09:55:00.000000000Z,34,108.848,108.849,108.838,108.84
2019-10-17T09:56:00.000000000Z,44,108.843,108.845,108.828,108.833
2019-10-17T09:57:00.000000000Z,28,108.831,108.836,108.819,108.825
2019-10-17T09:58:00.000000000Z,26,108.823,108.823,108.8,108.808
2019-10-17T09:59:00.000000000Z,101,108.81,108.812,108.715,108.742
2019-10-17T10:00:00.000000000Z,56,108.744,108.792,108.744,108.792
2019-10-17T10:01:00.000000000Z,37,108.795,108.804,108.782,108.798
2019-10-17T10:02:00.000000000Z,31,108.802,108.81,108.799,108.806
2019-10-17T10:03:00.000000000Z,26,108.804,108.804,108.786,108.792
2019-10-17T10:04:00.000000000Z,33,108.793,108.813,108.791,108.813
2019-10-17T10:05:00.000000000Z,39,108.812,108.823,108.809,108.82
2019-10-17T10:06:00.000000000Z,33,108.823,108.828,108.817,108.828
2019-10-17T10:07:00.000000000Z,27,108.826,108.836,108.818,108.836
2019-10-17T10:08:00.000000000Z,23,108.839,108.841,108.828,108.833
2019-10-17T10:09:00.000000000Z,12,108.836,108.836,108.818,108.823
2019-10-17T10:10:00.000000000Z,20,108.825,108.83,108.817,108.822
2019-10-17T10:11:00.000000000Z,22,108.825,108.838,108.819,108.838
2019-10-17T10:12:00.000000000Z,24,108.835,108.835,108.814,108.814
2019-10-17T10:13:00.000000000Z,12,108.811,108.821,108.811,108.818
2019-10-17T10:14:00.000000000Z,18,108.816,108.829,108.813,108.829
2019-10-17T10:15:00.000000000Z,12,108.827,108.836,108.824,108.835
2019-10-17T10:16:00.000000000Z,22,108.837,108.847,108.823,108.823
2019-10-17T10:17:00.000000000Z,25,108.821,108.824,108.806,108.816
2019-10-17T10:18:00.000000000Z,11,108.818,108.818,108.808,108.809
2019-10-17T10:19:00.000000000Z,14,108.806,108.819,108.804,108.809
2019-10-17T10:20:00.000000000Z,31,108.806,108.806,108.777,108.782
2019-10-17T10:21:00.000000000Z,24,108.786,108.786,108.773,108.773
2019-10-17T10:22:00.000000000Z,21,108.776,108.792,108.776,108.792
2019-10-17T10:23:00.000000000Z,15,108.795,108.804,108.786,108.786
2019-10-17T10:24:00.000000000Z,22,108.788,108.788,108.767,108.78
2019-10-17T10:25:00.000000000Z,48,108.777,108.81,108.777,108.8
2019-10-17T10:26:00.000000000Z,25,108.798,108.812,108.798,108.807
2019-10-17T10:27:00.000000000Z,26,108.81,108.819,108.806,108.811
2019-10-17T10:28:00.000000000Z,20,108.809,108.812,108.794,108.812
2019-10-17T10:29:00.000000000Z,18,108.815,108.822,108.81,108.817
2019-10-17T10:30:00.000000000Z,54,108.813,108.815,108.769,108.791
2019-10-17T10:31:00.000000000Z,36,108.788,108.808,108.787,108.8
2019-10-17T10:32:00.000000000Z,27,108.802,108.802,108.776,108.783
2019-10-17T10:33:00.000000000Z,14,108.781,108.788,108.776,108.782
2019-10-17T10:34:00.000000000Z,9,108.779,108.779,108.77,108.775
2019-10-17T10:35:00.000000000Z,17,108.773,108.78,108.763,108.773
2019-10-17T10:36:00.000000000Z,6,108.771,108.774,108.763,108.763
2019-10-17T10:37:00.000000000Z,14,108.76,108.77,108.753,108.77
2019-10-17T10:38:00.000000000Z,10,108.767,108.78,108.767,108.775
2019-10-17T10:39:00.000000000Z,19,108.778,108.784,108.776,108.778
2019-10-17T10:40:00.000000000Z,9,108.781,108.783,108.776,108.776
2019-10-17T10:41:00.000000000Z,8,108.773,108.78,108.773,108.78
2019-10-17T10:42:00.000000000Z,15,108.778,108.787,108.773,108.787
2019-10-17T10:43:00.000000000Z,13,108.789,108.797,108.786,108.795
2019-10-17T10:44:00.000000000Z,13,108.792,108.795,108.787,108.787
2019-10-17T10:45:00.000000000Z,2,108.79,108.792,108.79,108.792
2019-10-17T10:46:00.000000000Z,9,108.789,108.797,108.787,108.795
2019-10-17T10:47:00.000000000Z,15,108.791,108.791,108.773,108.774
2019-10-17T10:48:00.000000000Z,11,108.778,108.783,108.773,108.773
2019-10-17T10:49:00.000000000Z,8,108.771,108.781,108.771,108.778
2019-10-17T10:50:00.000000000Z,10,108.776,108.783,108.771,108.771
2019-10-17T10:51:00.000000000Z,15,108.768,108.783,108.768,108.777
2019-10-17T10:52:00.000000000Z,17,108.775,108.789,108.775,108.785
2019-10-17T10:53:00.000000000Z,7,108.782,108.782,108.774,108.776
2019-10-17T10:54:00.000000000Z,17,108.774,108.805,108.774,108.805
2019-10-17T10:55:00.000000000Z,22,108.802,108.808,108.795,108.795
2019-10-17T10:56:00.000000000Z,20,108.793,108.801,108.789,108.797
2019-10-17T10:57:00.000000000Z,14,108.794,108.811,108.794,108.807
2019-10-17T10:58:00.000000000Z,12,108.808,108.811,108.803,108.807
2019-10-17T10:59:00.000000000Z,14,108.809,108.811,108.797,108.797
2019-10-17T11:00:00.000000000Z,19,108.794,108.796,108.784,108.784
2019-10-17T11:01:00.000000000Z,20,108.787,108.787,108.777,108.779
2019-10-17T11:02:00.000000000Z,10,108.781,108.781,108.773,108.776
2019-10-17T11:03:00.000000000Z,14,108.779,108.791,108.779,108.786
2019-10-17T11:04:00.000000000Z,51,108.783,108.786,108.735,108.745
2019-10-17T11:05:00.000000000Z,125,108.742,108.747,108.68,108.686
2019-10-17T11:06:00.000000000Z,76,108.683,108.721,108.668,108.705
2019-10-17T11:07:00.000000000Z,36,108.703,108.735,108.7,108.732
2019-10-17T11:08:00.000000000Z,21,108.735,108.736,108.72,108.73
2019-10-17T11:09:00.000000000Z,29,108.732,108.735,108.714,108.724
2019-10-17T11:10:00.000000000Z,28,108.726,108.732,108.71,108.721
2019-10-17T11:11:00.000000000Z,16,108.724,108.726,108.714,108.726
2019-10-17T11:12:00.000000000Z,20,108.723,108.729,108.707,108.707
2019-10-17T11:13:00.000000000Z,18,108.71,108.723,108.708,108.723
2019-10-17T11:14:00.000000000Z,14,108.724,108.727,108.703,108.703
2019-10-17T11:15:00.000000000Z,12,108.701,108.715,108.701,108.712
2019-10-17T11:16:00.000000000Z,13,108.709,108.725,108.707,108.725
2019-10-17T11:17:00.000000000Z,20,108.727,108.735,108.723,108.73
2019-10-17T11:18:00.000000000Z,14,108.733,108.741,108.73,108.731
2019-10-17T11:19:00.000000000Z,14,108.729,108.729,108.717,108.721
2019-10-17T11:20:00.000000000Z,27,108.718,108.744,108.716,108.734
2019-10-17T11:21:00.000000000Z,9,108.732,108.734,108.729,108.732
2019-10-17T11:22:00.000000000Z,13,108.735,108.742,108.733,108.735
2019-10-17T11:23:00.000000000Z,9,108.738,108.742,108.735,108.737
2019-10-17T11:24:00.000000000Z,10,108.74,108.744,108.737,108.737
2019-10-17T11:25:00.000000000Z,9,108.734,108.736,108.723,108.723
2019-10-17T11:26:00.000000000Z,12,108.721,108.728,108.719,108.727
2019-10-17T11:27:00.000000000Z,19,108.725,108.728,108.719,108.728
2019-10-17T11:28:00.000000000Z,16,108.725,108.735,108.725,108.735
2019-10-17T11:29:00.000000000Z,10,108.737,108.744,108.737,108.739
2019-10-17T11:30:00.000000000Z,12,108.737,108.744,108.729,108.729
2019-10-17T11:31:00.000000000Z,12,108.726,108.727,108.719,108.719
2019-10-17T11:32:00.000000000Z,20,108.721,108.726,108.713,108.718
2019-10-17T11:33:00.000000000Z,5,108.715,108.725,108.715,108.725
2019-10-17T11:34:00.000000000Z,7,108.723,108.728,108.721,108.728
2019-10-17T11:35:00.000000000Z,8,108.731,108.739,108.729,108.729
2019-10-17T11:36:00.000000000Z,9,108.732,108.732,108.719,108.726
2019-10-17T11:37:00.000000000Z,8,108.729,108.729,108.72,108.722
2019-10-17T11:38:00.000000000Z,8,108.724,108.739,108.724,108.737
2019-10-17T11:39:00.000000000Z,8,108.734,108.734,108.72,108.72
2019-10-17T11:40:00.000000000Z,2,108.723,108.725,108.723,108.725
2019-10-17T11:41:00.000000000Z,21,108.723,108.737,108.72,108.737
2019-10-17T11:42:00.000000000Z,10,108.738,108.744,108.734,108.736
2019-10-17T11:43:00.000000000Z,22,108.734,108.742,108.729,108.732
2019-10-17T11:44:00.000000000Z,10,108.735,108.735,108.72,108.725
2019-10-17T11:45:00.000000000Z,15,108.728,108.743,108.725,108.743
2019-10-17T11:46:00.000000000Z,10,108.744,108.744,108.736,108.738
2019-10-17T11:47:00.000000000Z,14,108.74,108.745,108.737,108.742
2019-10-17T11:48:00.000000000Z,12,108.74,108.754,108.74,108.751
2019-10-17T11:49:00.000000000Z,17,108.753,108.765,108.753,108.765
2019-10-17T11:50:00.000000000Z,30,108.768,108.779,108.767,108.768
2019-10-17T11:51:00.000000000Z,18,108.765,108.775,108.758,108.773
2019-10-17T11:52:00.000000000Z,15,108.769,108.773,108.765,108.765
2019-10-17T11:53:00.000000000Z,10,108.761,108.774,108.761,108.774
2019-10-17T11:54:00.000000000Z,18,108.777,108.777,108.768,108.773
2019-10-17T11:55:00.000000000Z,17,108.776,108.776,108.76,108.76
2019-10-17T11:56:00.000000000Z,12,108.758,108.762,108.748,108.762
2019-10-17T11:57:00.000000000Z,10,108.76,108.768,108.757,108.757
2019-10-17T11:58:00.000000000Z,20,108.76,108.77,108.758,108.758
2019-10-17T11:59:00.000000000Z,19,108.755,108.755,108.737,108.741
2019-10-17T12:00:00.000000000Z,62,108.739,108.748,108.725,108.737
2019-10-17T12:01:00.000000000Z,24,108.74,108.752,108.738,108.747
2019-10-17T12:02:00.000000000Z,16,108.75,108.759,108.737,108.744
2019-10-17T12:03:00.000000000Z,14,108.745,108.745,108.739,108.74
2019-10-17T12:04:00.000000000Z,9,108.741,108.741,108.736,108.736
2019-10-17T12:05:00.000000000Z,13,108.733,108.738,108.727,108.729
2019-10-17T12:06:00.000000000Z,29,108.726,108.733,108.71,108.711
2019-10-17T12:07:00.000000000Z,53,108.714,108.714,108.687,108.692
2019-10-17T12:08:00.000000000Z,37,108.694,108.727,108.694,108.712
2019-10-17T12:09:00.000000000Z,25,108.715,108.715,108.701,108.707
2019-10-17T12:10:00.000000000Z,61,108.704,108.707,108.683,108.694
2019-10-17T12:11:00.000000000Z,39,108.697,108.709,108.695,108.696
2019-10-17T12:12:00.000000000Z,26,108.693,108.703,108.69,108.691
2019-10-17T12:13:00.000000000Z,19,108.694,108.696,108.679,108.688
2019-10-17T12:14:00.000000000Z,14,108.691,108.703,108.689,108.703
2019-10-17T12:15:00.000000000Z,26,108.706,108.718,108.702,108.707
2019-10-17T12:16:00.000000000Z,20,108.705,108.724,108.705,108.722
2019-10-17T12:17:00.000000000Z,44,108.72,108.72,108.677,108.697
2019-10-17T12:18:00.000000000Z,23,108.699,108.715,108.699,108.711
2019-10-17T12:19:00.000000000Z,20,108.708,108.723,108.699,108.723
2019-10-17T12:20:00.000000000Z,35,108.725,108.729,108.702,108.703
2019-10-17T12:21:00.000000000Z,25,108.707,108.716,108.693,108.716
2019-10-17T12:22:00.000000000Z,24,108.714,108.715,108.698,108.711
2019-10-17T12:23:00.000000000Z,22,108.714,108.714,108.689,108.702
2019-10-17T12:24:00.000000000Z,14,108.699,108.7,108.695,108.697
2019-10-17T12:25:00.000000000Z,9,108.694,108.7,108.692,108.7
2019-10-17T12:26:00.000000000Z,12,108.698,108.705,108.691,108.705
2019-10-17T12:27:00.000000000Z,13,108.704,108.704,108.689,108.689
2019-10-17T12:28:00.000000000Z,13,108.685,108.704,108.685,108.695
2019-10-17T12:29:00.000000000Z,30,108.693,108.693,108.668,108.676
2019-10-17T12:30:00.000000000Z,80,108.668,108.689,108.617,108.641
2019-10-17T12:31:00.000000000Z,58,108.638,108.676,108.636,108.672
2019-10-17T12:32:00.000000000Z,17,108.674,108.683,108.674,108.683
2019-10-17T12:33:00.000000000Z,24,108.686,108.689,108.666,108.689
2019-10-17T12:34:00.000000000Z,20,108.687,108.69,108.672,108.688
2019-10-17T12:35:00.000000000Z,15,108.685,108.691,108.683,108.686
2019-10-17T12:36:00.000000000Z,23,108.684,108.69,108.672,108.688
2019-10-17T12:37:00.000000000Z,24,108.691,108.702,108.686,108.702
2019-10-17T12:38:00.000000000Z,24,108.701,108.706,108.693,108.704
2019-10-17T12:39:00.000000000Z,18,108.702,108.711,108.694,108.711
2019-10-17T12:40:00.000000000Z,43,108.714,108.738,108.709,108.731
2019-10-17T12:41:00.000000000Z,28,108.728,108.746,108.724,108.744
2019-10-17T12:42:00.000000000Z,18,108.742,108.759,108.742,108.759
2019-10-17T12:43:00.000000000Z,22,108.757,108.768,108.744,108.744
2019-10-17T12:44:00.000000000Z,19,108.746,108.746,108.731,108.742
2019-10-17T12:45:00.000000000Z,33,108.74,108.741,108.73,108.734
2019-10-17T12:46:00.000000000Z,10,108.736,108.744,108.73,108.73
2019-10-17T12:47:00.000000000Z,15,108.728,108.732,108.724,108.732
2019-10-17T12:48:00.000000000Z,10,108.729,108.744,108.729,108.735
2019-10-17T12:49:00.000000000Z,13,108.732,108.739,108.732,108.736
2019-10-17T12:50:00.000000000Z,16,108.739,108.741,108.727,108.727
2019-10-17T12:51:00.000000000Z,13,108.73,108.735,108.717,108.735
2019-10-17T12:52:00.000000000Z,13,108.733,108.747,108.733,108.734
2019-10-17T12:53:00.000000000Z,7,108.731,108.735,108.731,108.731
2019-10-17T12:54:00.000000000Z,13,108.733,108.747,108.733,108.744
2019-10-17T12:55:00.000000000Z,9,108.747,108.747,108.736,108.736
2019-10-17T12:56:00.000000000Z,17,108.739,108.759,108.739,108.743
2019-10-17T12:57:00.000000000Z,9,108.74,108.744,108.728,108.728
2019-10-17T12:58:00.000000000Z,9,108.725,108.727,108.72,108.72
2019-10-17T12:59:00.000000000Z,18,108.717,108.724,108.71,108.71
2019-10-17T13:00:00.000000000Z,50,108.712,108.736,108.697,108.734
2019-10-17T13:01:00.000000000Z,24,108.731,108.732,108.719,108.723
2019-10-17T13:02:00.000000000Z,14,108.721,108.723,108.716,108.721
2019-10-17T13:03:00.000000000Z,20,108.72,108.723,108.712,108.712
2019-10-17T13:04:00.000000000Z,30,108.709,108.738,108.708,108.738
2019-10-17T13:05:00.000000000Z,20,108.735,108.736,108.718,108.722
2019-10-17T13:06:00.000000000Z,22,108.72,108.72,108.705,108.717
2019-10-17T13:07:00.000000000Z,19,108.715,108.723,108.712,108.715
2019-10-17T13:08:00.000000000Z,13,108.713,108.723,108.71,108.723
2019-10-17T13:09:00.000000000Z,24,108.726,108.736,108.719,108.719
2019-10-17T13:10:00.000000000Z,14,108.722,108.724,108.712,108.714
2019-10-17T13:11:00.000000000Z,12,108.711,108.716,108.702,108.702
2019-10-17T13:12:00.000000000Z,6,108.704,108.71,108.702,108.702
2019-10-17T13:13:00.000000000Z,3,108.699,108.699,108.695,108.695
2019-10-17T13:14:00.000000000Z,23,108.691,108.699,108.685,108.687
2019-10-17T13:15:00.000000000Z,33,108.683,108.69,108.663,108.69
2019-10-17T13:16:00.000000000Z,7,108.693,108.693,108.685,108.687
2019-10-17T13:17:00.000000000Z,22,108.684,108.69,108.673,108.675
2019-10-17T13:18:00.000000000Z,32,108.672,108.678,108.652,108.655
2019-10-17T13:19:00.000000000Z,15,108.657,108.664,108.657,108.657
2019-10-17T13:20:00.000000000Z,12,108.654,108.664,108.651,108.663
2019-10-17T13:21:00.000000000Z,16,108.666,108.668,108.649,108.649
2019-10-17T13:22:00.000000000Z,16,108.651,108.651,108.639,108.651
2019-10-17T13:23:00.000000000Z,23,108.647,108.647,108.628,108.64
2019-10-17T13:24:00.000000000Z,22,108.637,108.64,108.63,108.633
2019-10-17T13:25:00.000000000Z,35,108.63,108.664,108.623,108.662
2019-10-17T13:26:00.000000000Z,23,108.66,108.667,108.654,108.664
2019-10-17T13:27:00.000000000Z,25,108.661,108.675,108.66,108.665
2019-10-17T13:28:00.000000000Z,20,108.663,108.668,108.656,108.666
2019-10-17T13:29:00.000000000Z,25,108.663,108.669,108.655,108.664
2019-10-17T13:30:00.000000000Z,50,108.666,108.674,108.65,108.67
2019-10-17T13:31:00.000000000Z,27,108.673,108.683,108.667,108.683
2019-10-17T13:32:00.000000000Z,27,108.681,108.683,108.668,108.671
2019-10-17T13:33:00.000000000Z,42,108.669,108.674,108.639,108.639
2019-10-17T13:34:00.000000000Z,40,108.637,108.642,108.627,108.628
2019-10-17T13:35:00.000000000Z,72,108.631,108.634,108.57,108.575
2019-10-17T13:36:00.000000000Z,56,108.573,108.575,108.554,108.572
2019-10-17T13:37:00.000000000Z,54,108.569,108.613,108.567,108.601
2019-10-17T13:38:00.000000000Z,35,108.604,108.622,108.596,108.622
2019-10-17T13:39:00.000000000Z,35,108.619,108.62,108.604,108.615
2019-10-17T13:40:00.000000000Z,28,108.616,108.621,108.608,108.621
2019-10-17T13:41:00.000000000Z,29,108.618,108.618,108.59,108.596
2019-10-17T13:42:00.000000000Z,32,108.593,108.607,108.593,108.597
2019-10-17T13:43:00.000000000Z,17,108.594,108.604,108.593,108.599
2019-10-17T13:44:00.000000000Z,26,108.597,108.622,108.597,108.622
2019-10-17T13:45:00.000000000Z,23,108.619,108.623,108.602,108.613
2019-10-17T13:46:00.000000000Z,24,108.611,108.621,108.6,108.621
2019-10-17T13:47:00.000000000Z,43,108.62,108.622,108.607,108.61
2019-10-17T13:48:00.000000000Z,38,108.612,108.612,108.591,108.593
2019-10-17T13:49:00.000000000Z,16,108.596,108.605,108.596,108.597
2019-10-17T13:50:00.000000000Z,25,108.6,108.602,108.579,108.582
2019-10-17T13:51:00.000000000Z,29,108.579,108.583,108.563,108.578
2019-10-17T13:52:00.000000000Z,16,108.58,108.596,108.58,108.596
2019-10-17T13:53:00.000000000Z,14,108.594,108.594,108.585,108.586
2019-10-17T13:54:00.000000000Z,14,108.582,108.592,108.58,108.586
2019-10-17T13:55:00.000000000Z,42,108.588,108.618,108.588,108.613
2019-10-17T13:56:00.000000000Z,16,108.609,108.609,108.593,108.593
2019-10-17T13:57:00.000000000Z,28,108.591,108.593,108.568,108.568
2019-10-17T13:58:00.000000000Z,28,108.564,108.567,108.549,108.553
2019-10-17T13:59:00.000000000Z,34,108.55,108.579,108.55,108.578
2019-10-17T14:00:00.000000000Z,32,108.58,108.588,108.56,108.561
2019-10-17T14:01:00.000000000Z,20,108.564,108.573,108.561,108.566
2019-10-17T14:02:00.000000000Z,22,108.563,108.578,108.563,108.572
2019-10-17T14:03:00.000000000Z,24,108.573,108.588,108.567,108.581
2019-10-17T14:04:00.000000000Z,15,108.584,108.589,108.574,108.574
2019-10-17T14:05:00.000000000Z,22,108.572,108.589,108.565,108.565
2019-10-17T14:06:00.000000000Z,15,108.562,108.575,108.562,108.567
2019-10-17T14:07:00.000000000Z,18,108.569,108.582,108.569,108.577
2019-10-17T14:08:00.000000000Z,22,108.574,108.591,108.574,108.586
2019-10-17T14:09:00.000000000Z,16,108.587,108.593,108.582,108.582
2019-10-17T14:10:00.000000000Z,32,108.585,108.604,108.585,108.598
2019-10-17T14:11:00.000000000Z,15,108.601,108.605,108.585,108.585
2019-10-17T14:12:00.000000000Z,18,108.587,108.587,108.58,108.585
2019-10-17T14:13:00.000000000Z,17,108.582,108.588,108.579,108.586
2019-10-17T14:14:00.000000000Z,14,108.588,108.601,108.588,108.596
2019-10-17T14:15:00.000000000Z,17,108.598,108.601,108.591,108.595
2019-10-17T14:16:00.000000000Z,19,108.592,108.604,108.588,108.602
2019-10-17T14:17:00.000000000Z,22,108.6,108.6,108.589,108.6
2019-10-17T14:18:00.000000000Z,16,108.604,108.604,108.595,108.601
2019-10-17T14:19:00.000000000Z,21,108.6,108.602,108.584,108.59
2019-10-17T14:20:00.000000000Z,22,108.593,108.601,108.589,108.597
2019-10-17T14:21:00.000000000Z,21,108.594,108.615,108.594,108.615
2019-10-17T14:22:00.000000000Z,10,108.617,108.629,108.613,108.629
2019-10-17T14:23:00.000000000Z,22,108.632,108.635,108.621,108.623
2019-10-17T14:24:00.000000000Z,23,108.621,108.623,108.608,108.62
2019-10-17T14:25:00.000000000Z,28,108.618,108.631,108.612,108.624
2019-10-17T14:26:00.000000000Z,24,108.626,108.633,108.618,108.624
2019-10-17T14:27:00.000000000Z,33,108.621,108.628,108.597,108.598
2019-10-17T14:28:00.000000000Z,23,108.6,108.604,108.591,108.593
2019-10-17T14:29:00.000000000Z,27,108.591,108.61,108.588,108.605
2019-10-17T14:30:00.000000000Z,28,108.603,108.605,108.585,108.585
2019-10-17T14:31:00.000000000Z,21,108.587,108.605,108.576,108.603
2019-10-17T14:32:00.000000000Z,18,108.605,108.605,108.591,108.591
2019-10-17T14:33:00.000000000Z,22,108.589,108.6,108.586,108.598
2019-10-17T14:34:00.000000000Z,20,108.601,108.607,108.58,108.58
2019-10-17T14:35:00.000000000Z,26,108.578,108.583,108.573,108.581
2019-10-17T14:36:00.000000000Z,24,108.583,108.588,108.558,108.565
2019-10-17T14:37:00.000000000Z,12,108.568,108.57,108.56,108.564
2019-10-17T14:38:00.000000000Z,26,108.566,108.571,108.559,108.562
2019-10-17T14:39:00.000000000Z,18,108.565,108.568,108.552,108.557
2019-10-17T14:40:00.000000000Z,19,108.56,108.571,108.559,108.561
2019-10-17T14:41:00.000000000Z,8,108.563,108.571,108.561,108.571
2019-10-17T14:42:00.000000000Z,12,108.568,108.575,108.565,108.57
2019-10-17T14:43:00.000000000Z,24,108.568,108.583,108.568,108.576
2019-10-17T14:44:00.000000000Z,18,108.573,108.573,108.563,108.571
2019-10-17T14:45:00.000000000Z,13,108.573,108.573,108.562,108.562
2019-10-17T14:46:00.000000000Z,34,108.559,108.559,108.524,108.529
2019-10-17T14:47:00.000000000Z,23,108.532,108.54,108.531,108.532
2019-10-17T14:48:00.000000000Z,22,108.534,108.549,108.533,108.538
2019-10-17T14:49:00.000000000Z,35,108.536,108.538,108.519,108.53
2019-10-17T14:50:00.000000000Z,13,108.527,108.542,108.527,108.542
2019-10-17T14:51:00.000000000Z,20,108.545,108.553,108.545,108.553
2019-10-17T14:52:00.000000000Z,25,108.555,108.572,108.55,108.569
2019-10-17T14:53:00.000000000Z,18,108.572,108.572,108.562,108.565
2019-10-17T14:54:00.000000000Z,7,108.568,108.568,108.558,108.558
2019-10-17T14:55:00.000000000Z,27,108.56,108.59,108.56,108.59
2019-10-17T14:56:00.000000000Z,24,108.592,108.608,108.591,108.606
2019-10-17T14:57:00.000000000Z,28,108.608,108.634,108.601,108.634
2019-10-17T14:58:00.000000000Z,46,108.635,108.659,108.632,108.635
2019-10-17T14:59:00.000000000Z,35,108.633,108.646,108.625,108.64
2019-10-17T15:00:00.000000000Z,110,108.636,108.658,108.59,108.655
2019-10-17T15:01:00.000000000Z,54,108.658,108.671,108.648,108.654
2019-10-17T15:02:00.000000000Z,46,108.652,108.659,108.645,108.65
2019-10-17T15:03:00.000000000Z,25,108.648,108.652,108.637,108.637
2019-10-17T15:04:00.000000000Z,27,108.634,108.653,108.631,108.641
2019-10-17T15:05:00.000000000Z,15,108.64,108.664,108.64,108.661
2019-10-17T15:06:00.000000000Z,41,108.664,108.685,108.661,108.679
2019-10-17T15:07:00.000000000Z,18,108.677,108.679,108.667,108.67
2019-10-17T15:08:00.000000000Z,23,108.673,108.679,108.669,108.671
2019-10-17T15:09:00.000000000Z,24,108.67,108.677,108.667,108.667
2019-10-17T15:10:00.000000000Z,17,108.669,108.671,108.663,108.667
2019-10-17T15:11:00.000000000Z,29,108.67,108.692,108.665,108.686
2019-10-17T15:12:00.000000000Z,22,108.688,108.691,108.671,108.671
2019-10-17T15:13:00.000000000Z,21,108.669,108.674,108.664,108.664
2019-10-17T15:14:00.000000000Z,13,108.661,108.667,108.657,108.661
2019-10-17T15:15:00.000000000Z,18,108.665,108.667,108.653,108.657
2019-10-17T15:16:00.000000000Z,6,108.654,108.659,108.652,108.652
2019-10-17T15:17:00.000000000Z,15,108.655,108.655,108.644,108.653
2019-10-17T15:18:00.000000000Z,15,108.65,108.65,108.634,108.64
2019-10-17T15:19:00.000000000Z,8,108.637,108.643,108.637,108.64
2019-10-17T15:20:00.000000000Z,11,108.637,108.637,108.617,108.617
2019-10-17T15:21:00.000000000Z,9,108.618,108.634,108.618,108.634
2019-10-17T15:22:00.000000000Z,12,108.631,108.631,108.621,108.629
2019-10-17T15:23:00.000000000Z,20,108.626,108.629,108.615,108.615
2019-10-17T15:24:00.000000000Z,11,108.617,108.617,108.603,108.605
2019-10-17T15:25:00.000000000Z,21,108.608,108.616,108.601,108.604
2019-10-17T15:26:00.000000000Z,12,108.6,108.6,108.589,108.592
2019-10-17T15:27:00.000000000Z,8,108.588,108.594,108.586,108.586
2019-10-17T15:28:00.000000000Z,19,108.583,108.583,108.571,108.571
2019-10-17T15:29:00.000000000Z,28,108.568,108.577,108.56,108.577
2019-10-17T15:30:00.000000000Z,34,108.578,108.595,108.578,108.588
2019-10-17T15:31:00.000000000Z,55,108.586,108.586,108.556,108.565
2019-10-17T15:32:00.000000000Z,46,108.561,108.561,108.536,108.538
2019-10-17T15:33:00.000000000Z,21,108.541,108.541,108.535,108.54
2019-10-17T15:34:00.000000000Z,21,108.543,108.549,108.538,108.545
2019-10-17T15:35:00.000000000Z,34,108.548,108.55,108.527,108.547
2019-10-17T15:36:00.000000000Z,19,108.546,108.554,108.54,108.552
2019-10-17T15:37:00.000000000Z,16,108.55,108.556,108.547,108.552
2019-10-17T15:38:00.000000000Z,17,108.549,108.569,108.549,108.563
2019-10-17T15:39:00.000000000Z,21,108.561,108.572,108.556,108.572
2019-10-17T15:40:00.000000000Z,21,108.569,108.577,108.56,108.577
2019-10-17T15:41:00.000000000Z,19,108.574,108.581,108.566,108.569
2019-10-17T15:42:00.000000000Z,26,108.571,108.578,108.562,108.577
2019-10-17T15:43:00.000000000Z,30,108.581,108.588,108.562,108.562
2019-10-17T15:44:00.000000000Z,18,108.565,108.572,108.56,108.567
2019-10-17T15:45:00.000000000Z,17,108.57,108.572,108.553,108.56
2019-10-17T15:46:00.000000000Z,19,108.562,108.571,108.554,108.557
2019-10-17T15:47:00.000000000Z,13,108.558,108.563,108.551,108.554
2019-10-17T15:48:00.000000000Z,20,108.552,108.563,108.547,108.557
2019-10-17T15:49:00.000000000Z,21,108.561,108.566,108.557,108.557
2019-10-17T15:50:00.000000000Z,20,108.554,108.557,108.546,108.546
2019-10-17T15:51:00.000000000Z,21,108.544,108.552,108.538,108.548
2019-10-17T15:52:00.000000000Z,40,108.55,108.55,108.508,108.511
2019-10-17T15:53:00.000000000Z,30,108.509,108.528,108.508,108.527
2019-10-17T15:54:00.000000000Z,15,108.525,108.534,108.522,108.525
2019-10-17T15:55:00.000000000Z,16,108.527,108.535,108.52,108.535
2019-10-17T15:56:00.000000000Z,24,108.533,108.533,108.516,108.524
2019-10-17T15:57:00.000000000Z,13,108.521,108.522,108.506,108.506
2019-10-17T15:58:00.000000000Z,23,108.507,108.525,108.504,108.517
2019-10-17T15:59:00.000000000Z,27,108.518,108.539,108.508,108.508
2019-10-17T16:00:00.000000000Z,82,108.51,108.513,108.444,108.491
2019-10-17T16:01:00.000000000Z,28,108.489,108.498,108.488,108.492
2019-10-17T16:02:00.000000000Z,18,108.495,108.5,108.482,108.492
2019-10-17T16:03:00.000000000Z,33,108.494,108.495,108.475,108.495
2019-10-17T16:04:00.000000000Z,22,108.498,108.519,108.496,108.517
2019-10-17T16:05:00.000000000Z,21,108.519,108.527,108.518,108.523
2019-10-17T16:06:00.000000000Z,29,108.526,108.541,108.526,108.531
2019-10-17T16:07:00.000000000Z,16,108.529,108.536,108.528,108.536
2019-10-17T16:08:00.000000000Z,11,108.539,108.542,108.536,108.539
2019-10-17T16:09:00.000000000Z,15,108.542,108.547,108.535,108.546
2019-10-17T16:10:00.000000000Z,11,108.543,108.548,108.541,108.548
2019-10-17T16:11:00.000000000Z,9,108.545,108.545,108.537,108.541
2019-10-17T16:12:00.000000000Z,9,108.543,108.543,108.535,108.538
2019-10-17T16:13:00.000000000Z,17,108.535,108.535,108.515,108.521
2019-10-17T16:14:00.000000000Z,16,108.516,108.529,108.513,108.526
2019-10-17T16:15:00.000000000Z,12,108.524,108.531,108.522,108.531
2019-10-17T16:16:00.000000000Z,11,108.528,108.529,108.521,108.523
2019-10-17T16:17:00.000000000Z,12,108.527,108.529,108.519,108.524
2019-10-17T16:18:00.000000000Z,11,108.527,108.547,108.527,108.547
2019-10-17T16:19:00.000000000Z,13,108.544,108.547,108.532,108.54
2019-10-17T16:20:00.000000000Z,18,108.537,108.54,108.531,108.536
2019-10-17T16:21:00.000000000Z,8,108.533,108.533,108.526,108.526
2019-10-17T16:22:00.000000000Z,9,108.523,108.526,108.518,108.524
2019-10-17T16:23:00.000000000Z,11,108.526,108.526,108.516,108.516
2019-10-17T16:24:00.000000000Z,6,108.514,108.514,108.508,108.51
2019-10-17T16:25:00.000000000Z,32,108.513,108.543,108.508,108.54
2019-10-17T16:26:00.000000000Z,26,108.542,108.542,108.531,108.539
2019-10-17T16:27:00.000000000Z,17,108.536,108.546,108.533,108.541
2019-10-17T16:28:00.000000000Z,14,108.538,108.547,108.537,108.537
2019-10-17T16:29:00.000000000Z,10,108.54,108.54,108.532,108.537
2019-10-17T16:30:00.000000000Z,10,108.54,108.542,108.535,108.537
2019-10-17T16:31:00.000000000Z,5,108.535,108.545,108.535,108.545
2019-10-17T16:32:00.000000000Z,5,108.542,108.548,108.54,108.548
2019-10-17T16:33:00.000000000Z,15,108.545,108.558,108.542,108.55
2019-10-17T16:34:00.000000000Z,12,108.547,108.547,108.538,108.541
2019-10-17T16:35:00.000000000Z,2,108.537,108.54,108.537,108.54
2019-10-17T16:36:00.000000000Z,6,108.542,108.543,108.54,108.54
2019-10-17T16:37:00.000000000Z,5,108.537,108.539,108.534,108.534
2019-10-17T16:38:00.000000000Z,8,108.53,108.533,108.529,108.529
2019-10-17T16:39:00.000000000Z,6,108.531,108.531,108.524,108.528
2019-10-17T16:40:00.000000000Z,6,108.531,108.536,108.53,108.533
2019-10-17T16:41:00.000000000Z,8,108.53,108.53,108.522,108.523
2019-10-17T16:42:00.000000000Z,15,108.525,108.525,108.508,108.516
2019-10-17T16:43:00.000000000Z,7,108.518,108.528,108.518,108.528
2019-10-17T16:44:00.000000000Z,3,108.525,108.531,108.525,108.531
2019-10-17T16:45:00.000000000Z,10,108.534,108.539,108.527,108.527
2019-10-17T16:46:00.000000000Z,7,108.53,108.532,108.524,108.524
2019-10-17T16:47:00.000000000Z,12,108.526,108.526,108.514,108.514
2019-10-17T16:48:00.000000000Z,10,108.517,108.519,108.505,108.508
2019-10-17T16:49:00.000000000Z,12,108.505,108.524,108.505,108.513
2019-10-17T16:51:00.000000000Z,7,108.515,108.515,108.505,108.505
2019-10-17T16:52:00.000000000Z,3,108.508,108.514,108.508,108.514
2019-10-17T16:53:00.000000000Z,6,108.515,108.517,108.509,108.512
2019-10-17T16:54:00.000000000Z,3,108.513,108.513,108.512,108.513
2019-10-17T16:55:00.000000000Z,15,108.511,108.511,108.495,108.497
2019-10-17T16:56:00.000000000Z,4,108.5,108.506,108.5,108.503
2019-10-17T16:57:00.000000000Z,2,108.506,108.506,108.503,108.503
2019-10-17T16:58:00.000000000Z,12,108.506,108.518,108.506,108.513
2019-10-17T16:59:00.000000000Z,8,108.51,108.513,108.505,108.513
2019-10-17T17:00:00.000000000Z,17,108.515,108.529,108.513,108.529
2019-10-17T17:01:00.000000000Z,7,108.527,108.532,108.525,108.527
2019-10-17T17:02:00.000000000Z,15,108.524,108.527,108.516,108.524
2019-10-17T17:03:00.000000000Z,10,108.526,108.526,108.523,108.523
2019-10-17T17:04:00.000000000Z,6,108.525,108.527,108.519,108.522
2019-10-17T17:05:00.000000000Z,12,108.525,108.527,108.517,108.517
2019-10-17T17:06:00.000000000Z,7,108.515,108.515,108.509,108.513
2019-10-17T17:07:00.000000000Z,9,108.516,108.528,108.516,108.528
2019-10-17T17:08:00.000000000Z,4,108.525,108.533,108.525,108.533
2019-10-17T17:09:00.000000000Z,4,108.531,108.533,108.528,108.533
2019-10-17T17:10:00.000000000Z,10,108.536,108.54,108.53,108.538
2019-10-17T17:11:00.000000000Z,8,108.54,108.551,108.54,108.543
2019-10-17T17:12:00.000000000Z,2,108.541,108.543,108.541,108.543
2019-10-17T17:13:00.000000000Z,1,108.546,108.546,108.546,108.546
2019-10-17T17:14:00.000000000Z,6,108.549,108.549,108.538,108.54
2019-10-17T17:15:00.000000000Z,3,108.543,108.548,108.543,108.548
2019-10-17T17:16:00.000000000Z,7,108.545,108.551,108.542,108.551
2019-10-17T17:17:00.000000000Z,13,108.553,108.558,108.55,108.558
2019-10-17T17:18:00.000000000Z,13,108.56,108.569,108.557,108.564
2019-10-17T17:19:00.000000000Z,13,108.561,108.563,108.557,108.561
2019-10-17T17:20:00.000000000Z,9,108.56,108.56,108.552,108.56
2019-10-17T17:21:00.000000000Z,10,108.563,108.563,108.555,108.555
2019-10-17T17:22:00.000000000Z,8,108.552,108.555,108.547,108.555
2019-10-17T17:23:00.000000000Z,6,108.553,108.554,108.547,108.554
2019-10-17T17:24:00.000000000Z,5,108.556,108.556,108.554,108.556
2019-10-17T17:25:00.000000000Z,4,108.559,108.561,108.556,108.556
2019-10-17T17:26:00.000000000Z,5,108.558,108.558,108.556,108.558
2019-10-17T17:27:00.000000000Z,9,108.561,108.561,108.551,108.551
2019-10-17T17:28:00.000000000Z,4,108.554,108.554,108.549,108.552
2019-10-17T17:29:00.000000000Z,4,108.549,108.551,108.547,108.551
2019-10-17T17:30:00.000000000Z,7,108.555,108.563,108.554,108.563
2019-10-17T17:31:00.000000000Z,9,108.561,108.561,108.552,108.557
2019-10-17T17:32:00.000000000Z,4,108.554,108.556,108.552,108.552
2019-10-17T17:33:00.000000000Z,12,108.554,108.561,108.552,108.552
2019-10-17T17:34:00.000000000Z,12,108.554,108.564,108.554,108.561
2019-10-17T17:35:00.000000000Z,10,108.563,108.563,108.559,108.561
2019-10-17T17:36:00.000000000Z,5,108.563,108.568,108.563,108.568
2019-10-17T17:37:00.000000000Z,8,108.566,108.566,108.558,108.559
2019-10-17T17:38:00.000000000Z,6,108.561,108.568,108.558,108.568
2019-10-17T17:39:00.000000000Z,7,108.566,108.575,108.564,108.575
2019-10-17T17:40:00.000000000Z,8,108.578,108.58,108.576,108.58
2019-10-17T17:41:00.000000000Z,8,108.578,108.581,108.573,108.576
2019-10-17T17:42:00.000000000Z,12,108.573,108.575,108.568,108.57
2019-10-17T17:43:00.000000000Z,4,108.568,108.571,108.568,108.57
2019-10-17T17:44:00.000000000Z,13,108.572,108.593,108.572,108.593
2019-10-17T17:45:00.000000000Z,3,108.591,108.592,108.591,108.591
2019-10-17T17:46:00.000000000Z,5,108.588,108.59,108.585,108.587
2019-10-17T17:47:00.000000000Z,6,108.589,108.592,108.588,108.592
2019-10-17T17:48:00.000000000Z,16,108.595,108.607,108.595,108.599
2019-10-17T17:49:00.000000000Z,2,108.602,108.602,108.6,108.6
2019-10-17T17:50:00.000000000Z,4,108.597,108.597,108.591,108.591
2019-10-17T17:51:00.000000000Z,8,108.593,108.595,108.588,108.591
2019-10-17T17:52:00.000000000Z,1,108.593,108.593,108.593,108.593
2019-10-17T17:53:00.000000000Z,6,108.595,108.598,108.594,108.594
2019-10-17T17:54:00.000000000Z,5,108.596,108.599,108.594,108.596
2019-10-17T17:55:00.000000000Z,20,108.594,108.594,108.579,108.587
2019-10-17T17:56:00.000000000Z,4,108.588,108.597,108.588,108.597
2019-10-17T17:57:00.000000000Z,3,108.599,108.602,108.599,108.6
2019-10-17T17:58:00.000000000Z,10,108.602,108.604,108.594,108.595
2019-10-17T17:59:00.000000000Z,10,108.596,108.596,108.589,108.595
2019-10-17T18:00:00.000000000Z,19,108.597,108.605,108.59,108.593
2019-10-17T18:01:00.000000000Z,6,108.59,108.597,108.588,108.597
2019-10-17T18:02:00.000000000Z,21,108.6,108.622,108.594,108.621
2019-10-17T18:03:00.000000000Z,13,108.618,108.618,108.604,108.604
2019-10-17T18:04:00.000000000Z,13,108.607,108.613,108.606,108.606
2019-10-17T18:05:00.000000000Z,9,108.609,108.609,108.591,108.592
2019-10-17T18:06:00.000000000Z,6,108.595,108.607,108.595,108.607
2019-10-17T18:07:00.000000000Z,10,108.609,108.612,108.606,108.611
2019-10-17T18:08:00.000000000Z,6,108.614,108.618,108.614,108.617
2019-10-17T18:09:00.000000000Z,10,108.619,108.622,108.612,108.617
2019-10-17T18:10:00.000000000Z,11,108.619,108.634,108.619,108.629
2019-10-17T18:11:00.000000000Z,5,108.632,108.638,108.632,108.637
2019-10-17T18:12:00.000000000Z,9,108.638,108.638,108.634,108.635
2019-10-17T18:13:00.000000000Z,7,108.633,108.633,108.62,108.623
2019-10-17T18:14:00.000000000Z,8,108.624,108.624,108.62,108.622
2019-10-17T18:15:00.000000000Z,5,108.625,108.625,108.616,108.619
2019-10-17T18:16:00.000000000Z,4,108.617,108.621,108.617,108.62
2019-10-17T18:17:00.000000000Z,6,108.618,108.62,108.61,108.61
2019-10-17T18:18:00.000000000Z,13,108.612,108.632,108.612,108.627
2019-10-17T18:19:00.000000000Z,10,108.629,108.639,108.628,108.631
2019-10-17T18:20:00.000000000Z,9,108.633,108.636,108.628,108.634
2019-10-17T18:21:00.000000000Z,7,108.631,108.631,108.626,108.631
2019-10-17T18:22:00.000000000Z,7,108.628,108.631,108.622,108.628
2019-10-17T18:23:00.000000000Z,8,108.631,108.635,108.628,108.634
2019-10-17T18:24:00.000000000Z,7,108.637,108.639,108.634,108.637
2019-10-17T18:25:00.000000000Z,14,108.64,108.64,108.633,108.635
2019-10-17T18:26:00.000000000Z,6,108.632,108.638,108.632,108.636
2019-10-17T18:27:00.000000000Z,5,108.638,108.64,108.636,108.638
2019-10-17T18:28:00.000000000Z,3,108.64,108.64,108.636,108.636
2019-10-17T18:29:00.000000000Z,5,108.638,108.638,108.632,108.632
2019-10-17T18:30:00.000000000Z,1,108.635,108.635,108.635,108.635
2019-10-17T18:31:00.000000000Z,7,108.633,108.636,108.624,108.624
2019-10-17T18:32:00.000000000Z,9,108.621,108.624,108.611,108.611
2019-10-17T18:33:00.000000000Z,12,108.609,108.616,108.605,108.616
2019-10-17T18:34:00.000000000Z,8,108.619,108.624,108.616,108.622
2019-10-17T18:35:00.000000000Z,5,108.619,108.619,108.616,108.619
2019-10-17T18:36:00.000000000Z,7,108.622,108.629,108.622,108.627
2019-10-17T18:37:00.000000000Z,5,108.625,108.625,108.614,108.614
2019-10-17T18:38:00.000000000Z,2,108.616,108.617,108.616,108.617
2019-10-17T18:39:00.000000000Z,10,108.616,108.625,108.616,108.623
2019-10-17T18:40:00.000000000Z,6,108.625,108.631,108.625,108.628
2019-10-17T18:41:00.000000000Z,2,108.63,108.63,108.627,108.627
2019-10-17T18:42:00.000000000Z,6,108.63,108.632,108.624,108.628
2019-10-17T18:43:00.000000000Z,9,108.631,108.631,108.624,108.624
2019-10-17T18:44:00.000000000Z,3,108.627,108.627,108.622,108.622
2019-10-17T18:45:00.000000000Z,10,108.624,108.632,108.622,108.627
2019-10-17T18:46:00.000000000Z,16,108.63,108.632,108.625,108.632
2019-10-17T18:47:00.000000000Z,9,108.633,108.638,108.63,108.638
2019-10-17T18:48:00.000000000Z,6,108.637,108.637,108.63,108.633
2019-10-17T18:49:00.000000000Z,7,108.635,108.65,108.635,108.65
2019-10-17T18:50:00.000000000Z,29,108.652,108.673,108.652,108.673
2019-10-17T18:51:00.000000000Z,6,108.67,108.672,108.667,108.672
2019-10-17T18:52:00.000000000Z,14,108.67,108.674,108.661,108.661
2019-10-17T18:53:00.000000000Z,11,108.663,108.674,108.661,108.669
2019-10-17T18:54:00.000000000Z,14,108.667,108.672,108.661,108.67
2019-10-17T18:55:00.000000000Z,11,108.672,108.677,108.666,108.667
2019-10-17T18:56:00.000000000Z,13,108.664,108.672,108.661,108.669
2019-10-17T18:57:00.000000000Z,14,108.667,108.669,108.654,108.654
2019-10-17T18:58:00.000000000Z,13,108.657,108.659,108.648,108.651
2019-10-17T18:59:00.000000000Z,21,108.648,108.677,108.648,108.671
2019-10-17T19:00:00.000000000Z,16,108.673,108.679,108.662,108.662
2019-10-17T19:01:00.000000000Z,4,108.66,108.662,108.657,108.657
2019-10-17T19:02:00.000000000Z,9,108.655,108.655,108.646,108.649
2019-10-17T19:03:00.000000000Z,9,108.652,108.662,108.651,108.66
2019-10-17T19:04:00.000000000Z,7,108.657,108.659,108.654,108.657
2019-10-17T19:05:00.000000000Z,4,108.654,108.654,108.648,108.65
2019-10-17T19:06:00.000000000Z,9,108.652,108.662,108.652,108.662
2019-10-17T19:07:00.000000000Z,10,108.659,108.664,108.65,108.652
2019-10-17T19:08:00.000000000Z,12,108.65,108.66,108.65,108.652
2019-10-17T19:09:00.000000000Z,5,108.654,108.654,108.649,108.649
2019-10-17T19:10:00.000000000Z,3,108.646,108.65,108.646,108.65
2019-10-17T19:11:00.000000000Z,5,108.649,108.655,108.645,108.655
2019-10-17T19:12:00.000000000Z,11,108.658,108.661,108.65,108.653
2019-10-17T19:13:00.000000000Z,3,108.651,108.653,108.651,108.651
2019-10-17T19:14:00.000000000Z,6,108.648,108.649,108.646,108.646
2019-10-17T19:15:00.000000000Z,9,108.648,108.648,108.632,108.633
2019-10-17T19:16:00.000000000Z,9,108.636,108.636,108.629,108.635
2019-10-17T19:17:00.000000000Z,8,108.633,108.636,108.633,108.635
2019-10-17T19:18:00.000000000Z,13,108.633,108.641,108.628,108.628
2019-10-17T19:19:00.000000000Z,3,108.626,108.628,108.626,108.626
2019-10-17T19:20:00.000000000Z,6,108.628,108.628,108.626,108.627
2019-10-17T19:21:00.000000000Z,5,108.624,108.631,108.624,108.628
2019-10-17T19:22:00.000000000Z,8,108.631,108.631,108.624,108.624
2019-10-17T19:23:00.000000000Z,9,108.628,108.632,108.627,108.632
2019-10-17T19:24:00.000000000Z,2,108.629,108.632,108.629,108.632
2019-10-17T19:25:00.000000000Z,7,108.63,108.632,108.627,108.629
2019-10-17T19:26:00.000000000Z,6,108.631,108.634,108.63,108.634
2019-10-17T19:27:00.000000000Z,8,108.637,108.644,108.637,108.64
2019-10-17T19:28:00.000000000Z,4,108.641,108.641,108.637,108.639
2019-10-17T19:29:00.000000000Z,9,108.637,108.637,108.631,108.636
2019-10-17T19:30:00.000000000Z,6,108.638,108.642,108.634,108.637
2019-10-17T19:31:00.000000000Z,6,108.634,108.637,108.631,108.632
2019-10-17T19:32:00.000000000Z,11,108.634,108.637,108.625,108.628
2019-10-17T19:33:00.000000000Z,7,108.625,108.625,108.616,108.616
2019-10-17T19:34:00.000000000Z,8,108.619,108.622,108.616,108.622
2019-10-17T19:35:00.000000000Z,3,108.619,108.622,108.619,108.619
2019-10-17T19:36:00.000000000Z,3,108.617,108.619,108.616,108.616
2019-10-17T19:37:00.000000000Z,2,108.619,108.619,108.616,108.616
2019-10-17T19:38:00.000000000Z,10,108.619,108.619,108.609,108.611
2019-10-17T19:39:00.000000000Z,4,108.613,108.614,108.611,108.611
2019-10-17T19:40:00.000000000Z,6,108.609,108.612,108.607,108.607
2019-10-17T19:41:00.000000000Z,3,108.604,108.61,108.604,108.61
2019-10-17T19:42:00.000000000Z,1,108.611,108.611,108.611,108.611
2019-10-17T19:43:00.000000000Z,3,108.615,108.615,108.612,108.615
2019-10-17T19:44:00.000000000Z,3,108.612,108.617,108.612,108.617
2019-10-17T19:45:00.000000000Z,8,108.614,108.62,108.614,108.62
2019-10-17T19:46:00.000000000Z,4,108.623,108.624,108.621,108.624
2019-10-17T19:48:00.000000000Z,10,108.624,108.631,108.621,108.63
2019-10-17T19:49:00.000000000Z,8,108.628,108.631,108.626,108.626
2019-10-17T19:50:00.000000000Z,9,108.623,108.634,108.621,108.634
2019-10-17T19:51:00.000000000Z,4,108.637,108.639,108.634,108.634
2019-10-17T19:52:00.000000000Z,3,108.631,108.632,108.629,108.632
2019-10-17T19:53:00.000000000Z,9,108.63,108.635,108.63,108.635
2019-10-17T19:54:00.000000000Z,8,108.632,108.639,108.627,108.639
2019-10-17T19:55:00.000000000Z,20,108.636,108.641,108.629,108.633
2019-10-17T19:56:00.000000000Z,2,108.631,108.631,108.628,108.628
2019-10-17T19:57:00.000000000Z,5,108.625,108.626,108.621,108.626
2019-10-17T19:58:00.000000000Z,8,108.627,108.631,108.622,108.622
2019-10-17T19:59:00.000000000Z,2,108.624,108.626,108.624,108.626
2019-10-17T20:00:00.000000000Z,10,108.628,108.631,108.626,108.626
2019-10-17T20:02:00.000000000Z,2,108.628,108.628,108.626,108.626
2019-10-17T20:03:00.000000000Z,4,108.628,108.63,108.628,108.63
2019-10-17T20:04:00.000000000Z,3,108.627,108.628,108.625,108.628
2019-10-17T20:05:00.000000000Z,1,108.631,108.631,108.631,108.631
2019-10-17T20:06:00.000000000Z,2,108.634,108.637,108.634,108.637
2019-10-17T20:07:00.000000000Z,1,108.634,108.634,108.634,108.634
2019-10-17T20:08:00.000000000Z,3,108.631,108.631,108.627,108.627
2019-10-17T20:10:00.000000000Z,3,108.624,108.627,108.624,108.624
2019-10-17T20:11:00.000000000Z,4,108.622,108.622,108.614,108.614
2019-10-17T20:12:00.000000000Z,8,108.616,108.634,108.616,108.634
2019-10-17T20:13:00.000000000Z,5,108.632,108.632,108.626,108.631
2019-10-17T20:15:00.000000000Z,1,108.634,108.634,108.634,108.634
2019-10-17T20:16:00.000000000Z,2,108.632,108.634,108.632,108.634
2019-10-17T20:19:00.000000000Z,2,108.637,108.637,108.634,108.634
2019-10-17T20:20:00.000000000Z,5,108.637,108.644,108.637,108.641
2019-10-17T20:21:00.000000000Z,2,108.639,108.641,108.639,108.641
2019-10-17T20:23:00.000000000Z,3,108.64,108.643,108.64,108.643
2019-10-17T20:26:00.000000000Z,1,108.641,108.641,108.641,108.641
2019-10-17T20:27:00.000000000Z,1,108.643,108.643,108.643,108.643
2019-10-17T20:28:00.000000000Z,4,108.642,108.642,108.636,108.638
2019-10-17T20:29:00.000000000Z,2,108.636,108.636,108.634,108.634
2019-10-17T20:30:00.000000000Z,2,108.631,108.633,108.631,108.633
2019-10-17T20:31:00.000000000Z,5,108.631,108.634,108.629,108.631
2019-10-17T20:32:00.000000000Z,3,108.629,108.634,108.629,108.634
2019-10-17T20:33:00.000000000Z,7,108.633,108.641,108.633,108.641
2019-10-17T20:35:00.000000000Z,4,108.643,108.647,108.643,108.647
2019-10-17T20:36:00.000000000Z,4,108.65,108.65,108.645,108.648
2019-10-17T20:37:00.000000000Z,5,108.646,108.649,108.646,108.649
2019-10-17T20:38:00.000000000Z,2,108.648,108.648,108.644,108.644
2019-10-17T20:40:00.000000000Z,2,108.642,108.642,108.64,108.64
2019-10-17T20:41:00.000000000Z,2,108.638,108.638,108.635,108.635
2019-10-17T20:42:00.000000000Z,3,108.637,108.637,108.632,108.632
2019-10-17T20:43:00.000000000Z,4,108.63,108.63,108.623,108.623
2019-10-17T20:45:00.000000000Z,2,108.625,108.625,108.623,108.623
2019-10-17T20:46:00.000000000Z,2,108.625,108.625,108.623,108.623
2019-10-17T20:47:00.000000000Z,3,108.62,108.62,108.615,108.615
2019-10-17T20:48:00.000000000Z,1,108.617,108.617,108.617,108.617
2019-10-17T20:49:00.000000000Z,1,108.62,108.62,108.62,108.62
2019-10-17T20:50:00.000000000Z,3,108.623,108.623,108.621,108.623
2019-10-17T20:52:00.000000000Z,8,108.62,108.62,108.615,108.618
2019-10-17T20:53:00.000000000Z,2,108.62,108.62,108.618,108.618
2019-10-17T20:54:00.000000000Z,7,108.621,108.63,108.621,108.63
2019-10-17T20:55:00.000000000Z,8,108.633,108.642,108.632,108.641
2019-10-17T20:56:00.000000000Z,3,108.643,108.644,108.641,108.644
2019-10-17T20:57:00.000000000Z,13,108.646,108.653,108.63,108.635
2019-10-17T20:58:00.000000000Z,13,108.638,108.652,108.638,108.638
2019-10-17T20:59:00.000000000Z,11,108.633,108.649,108.632,108.632
2019-10-17T21:01:00.000000000Z,1,108.632,108.632,108.632,108.632
2019-10-17T21:02:00.000000000Z,1,108.628,108.628,108.628,108.628
2019-10-17T21:06:00.000000000Z,1,108.638,108.638,108.638,108.638
2019-10-17T21:09:00.000000000Z,1,108.622,108.622,108.622,108.622
2019-10-17T21:11:00.000000000Z,1,108.618,108.618,108.618,108.618
2019-10-17T21:14:00.000000000Z,3,108.617,108.617,108.606,108.606
2019-10-17T21:15:00.000000000Z,4,108.62,108.624,108.618,108.62
2019-10-17T21:16:00.000000000Z,2,108.624,108.624,108.62,108.62
2019-10-17T21:19:00.000000000Z,3,108.626,108.631,108.626,108.631
2019-10-17T21:29:00.000000000Z,5,108.638,108.642,108.629,108.629
2019-10-17T21:30:00.000000000Z,19,108.634,108.634,108.611,108.616
2019-10-17T21:31:00.000000000Z,4,108.612,108.616,108.612,108.614
2019-10-17T21:32:00.000000000Z,3,108.618,108.618,108.615,108.618
2019-10-17T21:33:00.000000000Z,7,108.615,108.618,108.612,108.614
2019-10-17T21:34:00.000000000Z,6,108.613,108.616,108.605,108.605
2019-10-17T21:35:00.000000000Z,4,108.605,108.609,108.605,108.609
2019-10-17T21:36:00.000000000Z,3,108.615,108.615,108.606,108.606
2019-10-17T21:37:00.000000000Z,3,108.605,108.605,108.603,108.605
2019-10-17T21:38:00.000000000Z,2,108.606,108.611,108.606,108.611
2019-10-17T21:39:00.000000000Z,4,108.608,108.608,108.603,108.603
2019-10-17T21:40:00.000000000Z,2,108.608,108.608,108.604,108.604
2019-10-17T21:50:00.000000000Z,1,108.602,108.602,108.602,108.602
2019-10-17T21:51:00.000000000Z,1,108.604,108.604,108.604,108.604
2019-10-17T21:52:00.000000000Z,1,108.598,108.598,108.598,108.598
2019-10-17T21:53:00.000000000Z,7,108.594,108.612,108.594,108.612
2019-10-17T21:54:00.000000000Z,18,108.612,108.615,108.602,108.615
2019-10-17T21:55:00.000000000Z,21,108.613,108.621,108.603,108.604
2019-10-17T21:56:00.000000000Z,30,108.607,108.625,108.592,108.6
2019-10-17T21:57:00.000000000Z,1,108.601,108.601,108.601,108.601
2019-10-17T22:00:00.000000000Z,23,108.601,108.612,108.597,108.608
2019-10-17T22:01:00.000000000Z,15,108.607,108.609,108.594,108.597
2019-10-17T22:02:00.000000000Z,21,108.592,108.614,108.59,108.607
2019-10-17T22:03:00.000000000Z,1,108.606,108.606,108.606,108.606
2019-10-17T22:04:00.000000000Z,9,108.609,108.621,108.609,108.615
2019-10-17T22:05:00.000000000Z,9,108.616,108.617,108.608,108.612
2019-10-17T22:06:00.000000000Z,4,108.615,108.615,108.61,108.613
2019-10-17T22:07:00.000000000Z,6,108.611,108.617,108.608,108.617
2019-10-17T22:08:00.000000000Z,19,108.615,108.625,108.611,108.614
2019-10-17T22:09:00.000000000Z,3,108.614,108.614,108.61,108.61
2019-10-17T22:10:00.000000000Z,2,108.612,108.614,108.612,108.614
2019-10-17T22:11:00.000000000Z,2,108.613,108.613,108.61,108.61
2019-10-17T22:13:00.000000000Z,3,108.612,108.617,108.612,108.617
2019-10-17T22:14:00.000000000Z,2,108.617,108.622,108.617,108.622
2019-10-17T22:15:00.000000000Z,1,108.623,108.623,108.623,108.623
2019-10-17T22:18:00.000000000Z,7,108.62,108.625,108.62,108.621
2019-10-17T22:19:00.000000000Z,13,108.624,108.625,108.618,108.623
2019-10-17T22:20:00.000000000Z,5,108.625,108.628,108.62,108.62
2019-10-17T22:22:00.000000000Z,2,108.617,108.62,108.617,108.62
2019-10-17T22:29:00.000000000Z,3,108.618,108.618,108.613,108.613
2019-10-17T22:30:00.000000000Z,2,108.611,108.613,108.611,108.613
2019-10-17T22:33:00.000000000Z,1,108.612,108.612,108.612,108.612
2019-10-17T22:34:00.000000000Z,3,108.61,108.615,108.61,108.615
2019-10-17T22:35:00.000000000Z,4,108.617,108.621,108.617,108.619
2019-10-17T22:36:00.000000000Z,9,108.615,108.626,108.615,108.621
2019-10-17T22:37:00.000000000Z,14,108.62,108.62,108.614,108.617
2019-10-17T22:38:00.000000000Z,25,108.62,108.629,108.62,108.626
2019-10-17T22:39:00.000000000Z,5,108.624,108.626,108.622,108.624
2019-10-17T22:40:00.000000000Z,20,108.621,108.621,108.613,108.614
2019-10-17T22:41:00.000000000Z,6,108.618,108.618,108.613,108.613
2019-10-17T22:42:00.000000000Z,2,108.617,108.617,108.615,108.615
2019-10-17T22:43:00.000000000Z,5,108.617,108.617,108.614,108.617
2019-10-17T22:44:00.000000000Z,2,108.614,108.617,108.614,108.617
2019-10-17T22:45:00.000000000Z,1,108.615,108.615,108.615,108.615
2019-10-17T22:49:00.000000000Z,4,108.613,108.615,108.61,108.615
2019-10-17T22:50:00.000000000Z,13,108.613,108.615,108.609,108.609
2019-10-17T22:51:00.000000000Z,6,108.606,108.608,108.601,108.604
2019-10-17T22:52:00.000000000Z,9,108.602,108.602,108.594,108.602
2019-10-17T22:53:00.000000000Z,3,108.6,108.6,108.595,108.595
2019-10-17T22:56:00.000000000Z,3,108.597,108.598,108.595,108.598
2019-10-17T22:57:00.000000000Z,4,108.595,108.598,108.592,108.592
2019-10-17T22:58:00.000000000Z,1,108.59,108.59,108.59,108.59
2019-10-17T23:01:00.000000000Z,4,108.588,108.59,108.585,108.59
2019-10-17T23:02:00.000000000Z,6,108.587,108.59,108.585,108.589
2019-10-17T23:03:00.000000000Z,1,108.587,108.587,108.587,108.587
2019-10-17T23:04:00.000000000Z,6,108.59,108.59,108.586,108.587
2019-10-17T23:05:00.000000000Z,16,108.589,108.589,108.566,108.568
2019-10-17T23:06:00.000000000Z,9,108.565,108.569,108.56,108.566
2019-10-17T23:07:00.000000000Z,5,108.567,108.567,108.56,108.562
2019-10-17T23:08:00.000000000Z,2,108.56,108.56,108.558,108.558
2019-10-17T23:09:00.000000000Z,2,108.555,108.555,108.553,108.553
2019-10-17T23:11:00.000000000Z,3,108.551,108.551,108.549,108.551
2019-10-17T23:12:00.000000000Z,8,108.553,108.554,108.548,108.551
2019-10-17T23:13:00.000000000Z,1,108.549,108.549,108.549,108.549
2019-10-17T23:14:00.000000000Z,3,108.552,108.556,108.552,108.556
2019-10-17T23:15:00.000000000Z,2,108.558,108.56,108.558,108.56
2019-10-17T23:17:00.000000000Z,1,108.558,108.558,108.558,108.558
2019-10-17T23:18:00.000000000Z,6,108.561,108.568,108.561,108.568
2019-10-17T23:19:00.000000000Z,3,108.566,108.568,108.566,108.566
2019-10-17T23:20:00.000000000Z,2,108.568,108.568,108.565,108.565
2019-10-17T23:22:00.000000000Z,2,108.569,108.571,108.569,108.571
2019-10-17T23:23:00.000000000Z,1,108.573,108.573,108.573,108.573
2019-10-17T23:24:00.000000000Z,10,108.571,108.571,108.56,108.563
2019-10-17T23:25:00.000000000Z,1,108.566,108.566,108.566,108.566
2019-10-17T23:27:00.000000000Z,3,108.569,108.571,108.568,108.568
2019-10-17T23:29:00.000000000Z,3,108.566,108.566,108.559,108.559
2019-10-17T23:30:00.000000000Z,5,108.561,108.57,108.561,108.568
2019-10-17T23:31:00.000000000Z,4,108.566,108.566,108.563,108.563
2019-10-17T23:32:00.000000000Z,1,108.566,108.566,108.566,108.566
2019-10-17T23:33:00.000000000Z,6,108.563,108.566,108.56,108.566
2019-10-17T23:34:00.000000000Z,1,108.568,108.568,108.568,108.568
2019-10-17T23:35:00.000000000Z,1,108.566,108.566,108.566,108.566
2019-10-17T23:37:00.000000000Z,5,108.563,108.564,108.561,108.563
2019-10-17T23:38:00.000000000Z,8,108.566,108.566,108.554,108.558
2019-10-17T23:39:00.000000000Z,20,108.556,108.565,108.555,108.563
2019-10-17T23:40:00.000000000Z,6,108.561,108.561,108.554,108.554
2019-10-17T23:41:00.000000000Z,11,108.556,108.558,108.551,108.556
2019-10-17T23:42:00.000000000Z,5,108.554,108.556,108.551,108.554
2019-10-17T23:43:00.000000000Z,3,108.556,108.556,108.554,108.556
2019-10-17T23:44:00.000000000Z,5,108.552,108.552,108.546,108.548
2019-10-17T23:45:00.000000000Z,15,108.551,108.557,108.547,108.557
2019-10-17T23:46:00.000000000Z,18,108.561,108.568,108.561,108.568
2019-10-17T23:47:00.000000000Z,9,108.569,108.576,108.568,108.576
2019-10-17T23:48:00.000000000Z,11,108.578,108.584,108.578,108.584
2019-10-17T23:49:00.000000000Z,14,108.586,108.601,108.586,108.593
2019-10-17T23:50:00.000000000Z,24,108.595,108.61,108.595,108.598
2019-10-17T23:51:00.000000000Z,14,108.6,108.607,108.598,108.607
2019-10-17T23:52:00.000000000Z,18,108.609,108.61,108.6,108.607
2019-10-17T23:53:00.000000000Z,17,108.605,108.605,108.595,108.595
2019-10-17T23:54:00.000000000Z,12,108.592,108.597,108.59,108.59
2019-10-17T23:55:00.000000000Z,25,108.592,108.595,108.57,108.578
2019-10-17T23:56:00.000000000Z,2,108.581,108.581,108.579,108.579
2019-10-17T23:57:00.000000000Z,3,108.581,108.586,108.581,108.586
2019-10-17T23:58:00.000000000Z,14,108.583,108.591,108.579,108.591
2019-10-17T23:59:00.000000000Z,11,108.594,108.597,108.585,108.587
